;Бланк заказа ООО ИКЦ КОНТРАКТ на 25.05.17;;;;;Сумма;4;Общий заказ;;Итого со скидкой;;;;;;;;
;121596, г.Москва, ул. Говорова, 6. Тел. 448-3794,447-4115 ;;;;;0р.;0;Вес, кГ;0;0р.;;;;;;;;
;e-mail: kontrakt@kontrakt.ru    http://www.kontrakt.ru;;;;;;0;Объём, м3;0,0;;;;;;;;;
;;;;;;;;;;;;;;;;;;
;Dr.Sea  Израиль;;;;;Базовая скидка;40%;;;Скидка по бренду;40%;;;;;;;
;;;;;;Сумма заказа по бренду;0р.;;;Сумма по бренду;0р.;;;;;;;
Код;Фото;"Артикул
Наименование 
Штрихкод";Артикул;Вес шт., Кг;Объём шт., см3;Штрихкод;Остаток;"РРЦ*,
 руб./шт.";Цена;Заказ шт.; Сумма ;Срок годности;;Описание;Состав;;;
;Dr.Sea;Уход за кожей лица;;;;;;;;;;;;;;;;
5337/0;;"DS124
Деликатное средство для снятия макияжа с глаз  с экстрактом огурца (120мл)
7290013729347";DS124;0;0;7290013729347;0;570р.;342р.;; - ;;;Двухфазное средство для эффективного и деликатного  снятия всех видов макияжа. Особенно подходит для нежной кожи вокруг глаз. Легко удаляет загрязнения и косметику, придает  ощущение свежести и комфорта.Походит для всех типов кожи.;;;;
6072/0;;"DS200
Коллагеновый ночной крем  (50мл) 
7290015816434";DS200;0,2;512;7290015816434;10;880р.;528р.;; - ;;;Крем с комплексом Collaxyl Peptide способствует быстрому обновлению клеток кожи, а также ее оптимальному питанию и увлажнению. Обладает интенсивным лифтинг-эффектом. Помогает сделать контуры лица более четкими. В состав входят экстракты яблока и корня женьшеня, которые насыщают кожу витаминами и препятствуют обезвоживанию кожи. Подходит для всех типов кожи.;;;;
5795/0;;"DS201
Безжировой увлажняющий матирующий крем  с экстрактами огурца и дуналиеллы (50мл)
7290015816403";DS201;0,2;512;7290015816403;3;790р.;474р.;; - ;;;Крем с легкой консистенцией, увлажняет  и оказывает тонизирующее действие благодаря входящему в состав экстракту огурца. Обогащен минералами Мертвого моря,  экстрактом водоросли дуналиеллы, содержащей бета-каротин (провитамина A) и ненасыщенные жирные кислоты.Подходит для жирной кожи.;;;;
5796/0;;"DS202
Увлажняющий крем  с маслами облепихи и манго SPF 15 (50мл)
7290015816625";DS202;0,2;512;7290015816625;3;790р.;474р.;; - ;;;Активная формула растительных компонентов в сочетании с минералами Мертвого моря препятствует старению кожи, стимулирует регенерацию. Уменьшает раздражение и шелушение, активно смягчает.  Комплекс сахаров сбалансировано питает кожу. Защищает кожу от воздействия солнечных лучей. Содержит  облепиховое масло и экстракт манго. Рекомендуется для сухой кожи.;;;;
5797/0;;"DS203
Увлажняющий крем  с маслами оливы и папайи и экстрактом зеленого чая SPF 15 (50мл)
7290015816632";DS203;0,2;512;7290015816632;10;790р.;474р.;; - ;;;Крем с нежной  текстурой  повышает эластичность и замедляет процесс старения кожи, обеспечивая  защиту на весь день. Минералы Мертвого моря улучшают качественный состав кожи. Оливковое масло нейтрализует воздействие свободных радикалов, оказывая укрепляющее и защищающее действие. Экстракты папайи и зеленого чая способствуют регенерации клеток кожи, улучшают цвет лица. Крем защищает кожу от солнечных лучей. Рекомендуется для нормальной кожи.;;;;
5798/0;;"DS204
Крем от морщин вокруг глаз  (50мл) 
7290015816731";DS204;0,2;512;7290015816731;0;830р.;498р.;; - ;;;Крем с нежной консистенцией. Легко впитывается и успокаивает кожу области вокруг глаз. Уменьшает следы усталости, отечности и темные круги под глазами. Предотвращает сухость кожи, повышает эластичность и помогает коже выглядеть более гладкой и молодой. Оставляет приятное ощущение после применения.;;;;
5799/0;;"DS205
Увлажняющий и питательный крем  с авокадо и алоэ вера (50мл)
7290015816427";DS205;0,2;512;7290015816427;8;790р.;474р.;; - ;;;Крем с легкой консистенцией. Смягчает, питает и интенсивно увлажняет кожу. Минералы Мертвого моря , экстракт алоэ вера и авокадо  восстанавливают защитные свойства кожи, обладают антиоксидантным действием. Стимулируют процесс регенерации, оказывают очищающее и освежающее действие. Подходит для всех типов кожи.;;;;
5789/0;;"DS206
Увлажняющий и укрепляющий крем для лица, глаз и шеи  с экстрактами граната и имбиря SPF 25 (50мл
7290015816649";DS206;0,2;512;7290015816649;0;880р.;528р.;; - ;;;Высокоактивный крем для омоложения кожи лица. Способствует улучшению микрорельефа , сглаживанию морщин, повышению упругости, осветлению и выравниванию текстуры кожи. Крем интенсивно увлажняет благодаря содержащимся в нем минералам Мертвого моря, экстрактам граната и имбиря . Защищает  от воздействия солнечных лучей. Подходит для всех типов кожи.;;;;
5790/0;;"DS207
Укрепляющий и питательный ночной крем  (50мл) 
7290015816441";DS207;0,2;512;7290015816441;10;830р.;498р.;; - ;;;Крем с нежной консистенцией питает кожу, стимулирует процесс  регенерации клеток, нормализует обмен веществ и насыщает кожу витаминами в ночной период времени. Устраняет чувство стянутости и сухости, предотвращает появление морщин, делает кожу более гладкой и эластичной.  Богат минералами Мертвого моря, витаминами A, C и E. Подходит для всех типов кожи.;;;;
5800/0;;"DS208
Увлажняющий крем  с маслами моркови и апельсина (50мл)
7290015816410";DS208;0,2;512;7290015816410;0;790р.;474р.;; - ;;;Крем регулирует уровень влажности кожи, обеспечивает комплексное питание, обладает витаминизирующим действием. Стимулирует процесс регенерации , укрепляет тургор кожи, улучшая ее внешний вид и цвет. Содержит минералы Мертвого моря, морковное масло, бета-каротин, экстракт апельсина,  витамины (A, B, C, D, E, K). Подходит для комбинированной кожи.;;;;
5539/0;;"DS209
Крем для лица против морщин  SPF 15 (50мл) 
7290015816656";DS209;0,2;512;7290015816656;14;830р.;498р.;; - ;;;Крем улучшает  структуру кожи, способствует повышению выработки коллагена . Содержит минералы Мертвого моря и  морскую водоросль дуналиеллу, которая содержит в себе ряд полезных соединений, таких как бета-каротин (провитамина A) и ненасыщенные жирные кислоты. Защищает кожу от воздействия солнечных лучей . Подходит для всех типов кожи.;;;;
5540/0;;"DS210
Коллагеновый укрепляющий крем  SPF 15 (50мл) 
7290015816663";DS210;0,2;512;7290015816663;0;880р.;528р.;; - ;;;Подтягивает и укрепляет кожу лица, способствует  замедлению старения . Содержащийся в креме коллаген растительного происхождения в комплексе с минералами Мертвого моря питают кожу, улучшают обменные процессы в клетках.  Защищает кожу от воздействия солнечных лучей. Подходит для всех типов кожи.;;;;
5541/0;;"DS211
Лифтинг-маска для лица  с имбирем и гранатом (100мл)
7290015816717";DS211;0,13;413;7290015816717;3;800р.;480р.;; - ;;;Питает и подтягивает кожу лица, повышает ее тонус. Замедляет процесс старения, обладает мощным регенерирующим действием. Маска успокаивает кожу, выравнивает рельеф и предотвращает появление морщин. Быстро и надолго делает кожу более упругой, молодой и сияющей. Подходит для всех типов кожи.;;;;
5801/0;;"DS212
Минеральная грязевая маска  с алоэ вера и дуналиеллой (100мл)
7290015816694";DS212;0,13;413;7290015816694;5;710р.;426р.;; - ;;;Уникальное сочетание экстрактов морской водоросли Дуналиеллы и алоэ вера глубоко очищают кожу, обогащает ненасыщенным жирными кислотами и бета-каротином. Натуральные ингредиенты мягко увлажняют, освежают  кожу, придают ей здоровый вид. Подходит для всех типов кожи.;;;;
5802/0;;"DS213
Укрепляющая и очищающая маска для лица  с французской глиной (100мл)
7290015816724";DS213;0,13;413;7290015816724;5;1 030р.;618р.;; - ;;;Уникальная маска не основе французской глины способствует регенерации клеток, помогает коже вырабатывать коллаген, укрепляет тургор, сокращает поры, активизирует кровообращение, обладает успокаивающим действием. Богатое содержание минералов Мертвого моря делает кожу более эластичной и упругой. Подходит для всех типов кожи.;;;;
5803/0;;"DS214
Отбеливающая маска-пилинг для лица  с жемчугом и витамином C (100мл)
7290015816700";DS214;0,13;413;7290015816700;6;800р.;480р.;; - ;;;Маска мягко удаляет омертвевшие клетки, стимулирует обновление кожи, сокращает и предотвращает обезвоживание, выравнивает текстуру (полирует неровности и морщинки). Освежает цвет лица, оказывает осветляющее действие. Содержит минералы Мертвого моря, жемчужный порошок и витамин C. Подходит для всех типов кожи.;;;;
5542/0;;"DS215
Минеральный очищающий тоник  с экстрактами алоэ вера и огурца (210мл)
7290015816380";DS215;0,28;425;7290015816380;10;700р.;420р.;; - ;;;Очищает и освежает кожу лица, шеи и декольте, способствует сокращению пор. Помогает успокоить кожу и сохранить водно-жировой баланс. Содержит  минералы Мертвого моря и экстракты Алоэ вера и огурца. Походит для всех типов кожи.;;;;
5804/0;;"DS216
Мыло для глубокого очищения лица  с экстрактом зеленого чая (210мл)
7290015816618";DS216;0,28;425;7290015816618;10;700р.;420р.;; - ;;;Тщательно очищает кожу и придает бархатистость. Содержит минералы Мертвого моря, фитохимические элементы из растительных экстрактов для ухода за кожей лица.Успокаивает, поддерживает эластичность и упругость. Оставляет приятный и свежий аромат. Подходит для ежедневного использования для всех типов кожи.;;;;
5543/0;;"DS217
Минеральный очищающий гель для лица и глаз  с витамином E – 3 в 1 (210мл)
7290015816601";DS217;0,28;425;7290015816601;6;700р.;420р.;; - ;;;;;;;
5805/0;;"DS218
Очищающее молочко для лица  с гинкго билоба - 3 в 1 (210мл)
7290015816397";DS218;0,28;425;7290015816397;6;700р.;420р.;; - ;;;Отвечает всем потребностям кожи, эффективно и мягко удаляет макияж и различные загрязнения, не нарушая при этом водно-жировой баланс кожи. Минералы Мертвого моря насыщают кожу необходимыми микроэлементами. Экстракт гинкго билоба восстанавливает эластичность кожи и предотвращает преждевременное старение. Подходит для всех типов кожи.;;;;
5791/0;;"DS219
Увлажняющий гель для глаз  с кофеином (30мл) 
7290015816847";DS219;0,2;320;7290015816847;4;870р.;522р.;; - ;;;Гель способствует устранению отечности, осветлению темных кругов под глазами. Благодаря содержанию минералов Мертвого моря и кофеину гель эффективно восстанавливает и  увлажняет нежную кожу вокруг глаз, придает ей эластичность и упругость,  стимулирует микроциркуляцию.;;;;
5806/0;;"DS220
Антивозрастная сыворотка для глаз  с каму-каму и Q 10 (30мл)
7290015816861";DS220;0,2;320;7290015816861;5;940р.;564р.;; - ;;;Сыворотка с экстрактом Каму Каму помогает повысить упругость кожи и нормализовать микроциркуляцию и клеточное дыхание, стимулирует активную выработку коллагена.  Обогащена аминокислотами и коферментом Q10.;;;;
5792/0;;"DS221
Сыворотка для лица  с гиалуроновой кислотой и витаминами (30мл)
7290015816854";DS221;0,2;320;7290015816854;0;940р.;564р.;; - ;;;Способствует замедлению старения кожи, регенерирует, увлажняет. Придает  коже сияющий и здоровый внешний вид благодаря входящим в ее состав минералам Мертвого моря, гиалуроновой кислоте и витаминам.;;;;
5807/0;;"DS222
Подсушивающая суспензия для проблемной кожи  (30мл)
7290015816816";DS222;0,2;320;7290015816816;0;830р.;498р.;; - ;;;Подсушивающий лосьон для точечного воздействия. Дезинфицирует и ускоряет процесс заживления акне. Абсорбирует секрет сальных желёз, стягивает поры и успокаивает кожу, обладает регенерирующим действием.;;;;
5808/0;;"DS223
Пилинг для лица  без содержания мыла с виноградными косточками и лимоном (200мл)
7290015816687";DS223;0,25;213;7290015816687;2;690р.;414р.;; - ;;;Мыло- пилинг для глубокого очищения и деликатного отшелушивания делает кожу гладкой и шелковистой. Комплекс экстракта лимона и масла виноградных косточек оказывает тонизирующий эффект. Подходит для всех типов кожи.;;;;
;Dr.Sea;Уход за кожей тела;;;;;;;;;;;;;;;;
5387/0;;"DS155
Ароматический пилинг для тела  с экстрактом зеленого чая и маслом герани (320мл)
7290013729583";DS155;0;0;7290013729583;3;780р.;468р.;; - ;;;Солевой пилинг, представляет собой сочетание ароматических масел с гранулами соли Мертвого моря. Нежно очищает поверхность кожи от ороговевших частиц, способствует регенерации кожи, делает ее эластичной и упругой. Широкий спектр масел и минералов Мертвого моря обладает мощным лифтинговым эффектом, способствует максимальному увлажнению и питанию кожи.  Рекомендуется использовать в бане и сауне.;;;;
5388/0;;"DS156
Ароматический пилинг для тела  с маслами папайи и дыни (320мл)
7290013729590";DS156;0;0;7290013729590;1;780р.;468р.;; - ;;;Солевой пилинг, представляет собой сочетание ароматических масел с гранулами соли Мертвого моря. Нежно очищает поверхность кожи от ороговевших частиц, способствует регенерации кожи, делает ее эластичной и упругой. Широкий спектр масел и минералов Мертвого моря обладает мощным лифтинговым эффектом, способствует максимальному увлажнению и питанию кожи.  Рекомендуется использовать в бане и сауне.;;;;
5389/0;;"DS157
Ароматический пилинг для тела  с маслами лаванды, ванили и пачули (320мл)
7290013729606";DS157;0;0;7290013729606;1;780р.;468р.;; - ;;;Солевой пилинг, представляет собой сочетание ароматических масел с гранулами соли Мертвого моря. Нежно очищает поверхность кожи от ороговевших частиц, способствует регенерации кожи, делает ее эластичной и упругой. Широкий спектр масел и минералов Мертвого моря обладает мощным лифтинговым эффектом, способствует максимальному увлажнению и питанию кожи.  Рекомендуется использовать в бане и сауне.;;;;
5820/0;;"DS225
Масло для тела  для предотвращения старения с экстрактами зеленого чая и герани (250мл)
7290015816373";DS225;0,35;614;7290015816373;3;840р.;504р.;; - ;;;;;;;
5821/0;;"DS226
Масло для тела  для предотвращения старения с маслами папайи и дыни (250мл)
7290015816366";DS226;0,35;614;7290015816366;2;840р.;504р.;; - ;;;Обогащено минералами Мертвого моря, экстрактами папайи и дыни. Масло создает комплексный уход за кожей, успокаивает, увлажняет, способствует замедлению старения , повышает упругость и эластичность кожи. В состав масла входит   комплекс витаминов антиоксидантов С+Е.;;;;
5822/0;;"DS227
Масло для тела  для предотвращения старения с маслами лаванды, ванили и пачули (250мл)
7290015816359";DS227;0,35;614;7290015816359;0;840р.;504р.;; - ;;;Обогащено минералами Мертвого моря, экстрактом лаванды, маслами ванили и пачули. Масло создает комплексный уход за кожей, успокаивает, увлажняет, способствует замедлению старения , повышает упругость и эластичность кожи. В состав масла входит   комплекс витаминов антиоксидантов С+Е.;;;;
5564/0;;"DS231
Мыло  для интимной гигиены с экстрактом зеленого чая (280мл)
7290015816571";DS231;0,32;486;7290015816571;0;600р.;360р.;; - ;;;Обладает мягким деликатным действием, содержит молочную кислоту, бережно относится к естественному уровню рН-кислотности слизистой поверхности интимных частей тела. Идеально подходит для мягкого, деликатного очищения.Содержит минералы Мертвого моря, растительные экстракты и витамины.;;;;
5809/0;;"DS232
Увлажняющий питательный крем-гель для душа  с гранатом и имбирем (350мл)
7290015816755";DS232;0,5;680;7290015816755;1;580р.;348р.;; - ;;;Нежный гель с бархатистой консистенцией. Повышает упругость кожи благодаря входящим в состав: экстракту граната, водоросли дуналиеллы солоноводной и минералам Мертвого моря. Экстракт имбиря обладает тонизирующим действием. После применения геля кожа становится гладкой и приятной на ощупь.;;;;
5536/0;;"DS233
Увлажняющий питательный крем-гель для душа  с гранатом и имбирем (700мл)
7290015816793";DS233;0,85;1346;7290015816793;1;750р.;450р.;; - ;;;Нежный гель с бархатистой консистенцией. Повышает упругость кожи благодаря входящим в состав: экстракту граната, водоросли дуналиеллы солоноводной и минералам Мертвого моря. Экстракт имбиря обладает тонизирующим действием. После применения геля кожа становится гладкой и приятной на ощупь.;;;;
5810/0;;"DS234
Увлажняющий  питательный крем-гель для душа  с маслами оливы, папайи и зеленого чая (350мл)
7290015816748";DS234;0,5;680;7290015816748;3;580р.;348р.;; - ;;;Нежный гель с бархатистой консистенцией. Содержит минералы Мертвого моря,  экстракты папайи и водоросли дуналиеллы солоноводной . Обладает питающим, увлажняющим и расслабляющим эффектом благодаря экстракту зеленого чая, оливковому маслу и провитамину В5. После применения геля кожа становится гладкой и приятной на ощупь.;;;;
5537/0;;"DS235
Увлажняющий питательный крем-гель для душа  с маслами оливы, папайи и зеленого чая (700мл)
7290015816786";DS235;0,85;1346;7290015816786;4;750р.;450р.;; - ;;;Нежный гель с бархатистой консистенцией. Содержит минералы Мертвого моря,  экстракты папайи и водоросли дуналиеллы солоноводной . Обладает питающим, увлажняющим и расслабляющим эффектом благодаря экстракту зеленого чая, оливковому маслу и провитамину В5. После применения геля кожа становится гладкой и приятной на ощупь.;;;;
5811/0;;"DS236
Увлажняющий  питательный крем-гель для душа  с облепиха и масло манго (350мл)
7290015816762";DS236;0,5;680;7290015816762;3;580р.;348р.;; - ;;;Нежный гель с бархатистой консистенцией. Содержит минералы Мертвого моря,  экстракты папайи и водоросли дуналиеллы солоноводной . Обладает питающим, увлажняющим и расслабляющим эффектом благодаря экстракту зеленого чая, оливковому маслу и провитамину В5. После применения геля кожа становится гладкой и приятной на ощупь.;;;;
5538/0;;"DS237
Увлажняющий питательный крем-гель для душа  с маслами облепихи и манго (700мл)
7290015816809";DS237;0,85;1346;7290015816809;3;750р.;450р.;; - ;;;Нежный гель с бархатистой консистенцией. Обладает питающим действием благодаря входящим в состав минералам Мертвого моря, маслу облепихи и провитамину В5. Экстракт манго обладает увлажняющим действием, способствует обновлению кожи. После применения геля кожа становится гладкой и приятной на ощупь.;;;;
5812/0;;"DS238
Питательный и увлажняющий крем для тела  с маслами оливы, папайи и экстрактом зеленого чая  200мл
7290015816304";DS238;0,25;665;7290015816304;2;620р.;372р.;; - ;;;Насыщенный растительными экстрактами и маслами крем, питает и увлажняет кожу,. Обеспечивает многоцелевое воздействие на кожу всех типов: смягчает, успокаивает и укрепляет. Высокая концентрация масел – оливкового и бразильского ореха, в сочетании с  экстрактами папайи, зеленого чая и водоросли Мертвого моря делает кожу гладкой и упругой. Кожа надолго сохраняет восхитительный и успокаивающий аромат. Подходит для любого типа кожи.;;;;
5813/0;;"DS239
Крем для тела  против старения с маслами авокадо и манго (200мл)
7290015816328";DS239;0,25;665;7290015816328;1;620р.;372р.;; - ;;;Крем для ухода за зрелой кожей, обогащен аминокислотами, витаминами, минералами . Обладает прекрасным увлажняющим эффектом, особенно полезен для сухих участков кожи, таких как кисти рук, локти и бедра. Повышает эластичность, замедляет появление растяжек и придает коже ухоженный  вид. Крем содержит масла авокадо, оливковое масло и экстракт манго . Подходит для любого типа кожи.;;;;
5814/0;;"DS240
Укрепляющий крем для тела  с маслами граната и имбиря (200мл)
7290015816311";DS240;0,25;665;7290015816311;2;620р.;372р.;; - ;;;Для ухода за зрелой кожей. Питает и делает ее более мягкой и эластичной. Обладает антиоксидантным действием, стимулируют регенерацию клеток кожи. Высокая концентрация жирных кислот, витаминов, минералов Мертвого моря и фитоэлементов обеспечивает долговременный эффект. Подходит для любого типа кожи.;;;;
5815/0;;"DS241
Универсальный успокаивающий крем  с алоэ вера и маслом какао  (200мл)
7290015816335";DS241;0,25;665;7290015816335;1;620р.;372р.;; - ;;;Крем легко наносится на кожу,  придает ей эластичность и увлажняет в течение длительного времени. Обогащен аминокислотами и витаминами Е, С, В5 и А, замедляющими процесс старения кожи. Защищает от сухости, от неблагоприятного воздействия окружающей среды, а также предотвращает образование трещинок. Разработан на основе экстрактов алоэ вера, какао и водоросли дуналиеллы. При ежедневном применении кожа становится более нежной.Подходит для любого типа кожи.;;;;
5816/0;;"DS242
Мультивитаминный оздоравливающий крем для рук и ногтей  с маслом манго и витамином E (100мл)
7290015816281";DS242;0,13;308;7290015816281;3;360р.;216р.;; - ;;;Питает, укрепляет и защищает кожу рук и ногти,  улучшает их внешний вид. Обогащен минералами Мертвого моря, витаминами А, В, С и Е, экстрактом манго, маслом оливы и авокадо. Придает ощущение гладкости, делает кожу рук более здоровой и молодой.;;;;
5817/0;;"DS243
Мультивитаминный питательный крем для рук и ногтей  с маслами авокадо и оливы (200мл)
7290015816298";DS243;0,25;665;7290015816298;8;600р.;360р.;; - ;;;Питает, укрепляет и защищает кожу рук и ногти,  улучшает их внешний вид. Обогащен минералами Мертвого моря, витаминами А, В, С и Е, оливковым маслом и маслом авокадо. Придает ощущение бархатистости и дарит коже тонкий аромат.;;;;
5833/0;;"DS244
Универсальный обогащенный крем  с маслом облепихи и манго (200мл)
7290015816342";DS244;0;0;7290015816342;8;620р.;372р.;; - ;;;Приятен при нанесении на кожу, предотвращает образование растяжек. Увлажняет кожу и придает ей эластичность. Обогащен витаминами А, В, С и Е, минералами и аминокислотами. Защищает от неблагоприятного воздействия окружающей среды.  Содержит сильный антиоксидантный комплекс. Активизирует регенерацию кожи и дарит приятное ощущение свежести и комфорта. Подходит для всех типов кожи.;;;;
5818/0;;"DS245
Мультивитаминный крем для ног  от трещин на стопах с маслами корицы и женьшеня (100мл)
7290015816823";DS245;0;0;7290015816823;3;360р.;216р.;; - ;;;Увлажнение и питание для восстановления сухой, огрубевшей и потрескавшейся кожи ступней. Помогает предотвратить возникновение трещин, уничтожает неприятные запахи и успокаивает кожу. Ухаживает за ногтями, делает кожу ног эластичной и обогащенной. Крем содержит витамины А, С, Е, В5, оливковое масло, экстракты корицы и женьшеня.;;;;
5819/0;;"DS246
Мультивитаминный крем для ног  против усталости с маслами имбиря и кофе (200мл)
7290015816830";DS246;0,25;665;7290015816830;2;600р.;360р.;; - ;;;Крем  обогащен  минералами Мертвого моря, витамином A, эктрактами кофе и имбиря. Увлажняет и питает кожу. Масло кофе обладает дренажным действием, улучшает кровообращение. Помогает снимать усталость после трудового дня.;;;;
5446/0;;"DS186
Грязь Мертвого моря   (пакет 600г) 
7290014610798";DS186;0,61;1716;7290014610798;0;280р.;168р.;; - ;;;Грязь Мертвого моря способствует похудению, повышает тонус, обеспечивает интенсивное увлажнение и восстановление кожи, обладает антибактериальными свойствами. Отличное  средство в случаях проявления целлюлита, дряблости кожи и даже при растяжках. Грязевые обертывания эффективны при заболеваниях опорно-двигательного аппарата, суставов (боли ревматического характера), а также при  радикулите.;;;;
5447/0;;"DS187
Грязь Мертвого моря   (ведро 1500г) 
7290010025541";DS187;1,54;2028;7290010025541;3;550р.;330р.;; - ;;;Грязь Мертвого моря способствует похудению, повышает тонус, обеспечивает интенсивное увлажнение и восстановление кожи, обладает антибактериальными свойствами. Отличное  средство в случаях проявления целлюлита, дряблости кожи и даже при растяжках. Грязевые обертывания эффективны при заболеваниях опорно-двигательного аппарата, суставов (боли ревматического характера), а также при  радикулите.;;;;
5441/0;;"DS181
Соль Мертвого моря   (ведро 1200г) 
7290006079374";DS181;1,24;2028;7290006079374;2;470р.;282р.;; - ;;;Натуральная соль Мертвого моря содержит единственный в мире минеральный состав, который благоприятно влияет как на кожу, так и на весь организм в целом. Практически все элементы таблицы Менделеева представлены в составе соли Мертвого моря. Высокая концентрация магния, калия, кальция, брома и йода оказывает общеукрепляющее действие. Способствует регенерации кожи, делает ее более упругой, улучшает тургор и кровообращение, укрепляет стенки сосудов, заживляет раны, активно участвует в обменных процессах. Рекомендуется использовать для ванн, компрессов, обертываний, ингаляций, полосканий и криомассажа.;;;;
5443/0;;"DS183
Соль Мертвого моря  с жасмином  (ведро 1200г) 
7290006079398";DS183;1,24;2028;7290006079398;3;530р.;318р.;; - ;;;;;;;
5445/0;;"DS185
Соль Мертвого моря  с лепестками роз (ведро 1200г)
7290006079381";DS185;1,24;2028;7290006079381;3;570р.;342р.;; - ;;;;;;;
5440/0;;"DS180
Соль Мертвого моря   (пакет 500г) 
7290006079343";DS180;0,51;1716;7290006079343;10;250р.;150р.;; - ;;;Натуральная соль Мертвого моря содержит единственный в мире минеральный состав, который благоприятно влияет как на кожу, так и на весь организм в целом. Практически все элементы таблицы Менделеева представлены в составе соли Мертвого моря. Высокая концентрация магния, калия, кальция, брома и йода оказывает общеукрепляющее действие. Способствует регенерации кожи, делает ее более упругой, улучшает тургор и кровообращение, укрепляет стенки сосудов, заживляет раны, активно участвует в обменных процессах. Рекомендуется использовать для ванн, компрессов, обертываний, ингаляций, полосканий и криомассажа.;;;;
5442/0;;"DS182
Соль Мертвого моря  с жасмином  (пакет 500г) 
7290006079350";DS182;0,51;1716;7290006079350;0;290р.;174р.;; - ;;;;;;;
5444/0;;"DS184
Соль Мертвого моря  с лепестками роз (пакет 500г)
7290006079367";DS184;0,51;1716;7290006079367;3;310р.;186р.;; - ;;;;;;;
;Dr.Sea;Уход за волосами;;;;;;;;;;;;;;;;
;;;;;;;;;;;;;;;;;;
5823/0;;"DS252
Шампунь от перхоти  с экстрактом крапивы и растительными протеинами (350мл)
7290015816458";DS252;0,5;680;7290015816458;10;650р.;390р.;; - ;;;Шампунь содержит Пироктон Оламин и Салициловую кислоту. Деликатно очищает кожу головы, благодаря минералам  Мертвого моря и натуральным увлажняющим экстрактам, способствует устранению  перхоти. Уменьшает статическое электричество и придает кончикам волос однородный вид благодаря таким компонентам как поликватерниум 7, водоросли дуналиеллы солоноводной и экстракта крапивы.;;;;
5824/0;;"DS253
Шампунь  с маслами облепихи и манго (350мл) 
7290015816496";DS253;0,5;680;7290015816496;10;580р.;348р.;; - ;;;Разработан для защиты волос от негативного воздействия окружающей среды и солнечных лучей. Активные минералы воды Мертвого моря в сочетании с маслом облепихи, водорослью дуналиеллы солоноводной и экстрактом манго обеспечивают волосам идеальную защиту. Шампунь увлажняет и укрепляет корни волос. Рекомендуется  для сухих  волос.;;;;
5825/0;;"DS254
Шампунь  с гранатом и имбирем (350мл) 
7290015816489";DS254;0,5;680;7290015816489;9;580р.;348р.;; - ;;;Шампунь укрепляет и восстанавливает структуру волос. Сохраняет цвет . Изготовлен на основе фруктовых экстрактов – граната, имбиря и водоросли дуналиеллы солоноводной – в комплексе с минералами Мертвого моря. Питает и укрепляет корни волос, придает  яркий и сияющий вид. Подходит  для окрашенных волос.;;;;
5826/0;;"DS255
Шампунь  с маслами оливы, папайи и экстрактом зеленого чая (350мл)
7290015816472";DS255;0,5;680;7290015816472;6;580р.;348р.;; - ;;;Деликатно очищает волосы и кожу головы, увлажняет,  обеспечивает универсальную защиту. Защищает корни волос. Помогает снять раздражения на коже головы. Содержит минералы Мертвого моря, протеины, витамин Е и растительные экстракты. Рекомендуется  для нормальных волос.;;;;
5827/0;;"DS256
Кондиционер для волос  с кератином и витамином Е (350мл)
7290015816519";DS256;0,5;680;7290015816519;2;630р.;378р.;; - ;;;Комплекс минералов Мертвого моря и растительных экстрактов защищает волосы от вредного химического и механнческого воздействия. Входящий в состав кондиционера пантенол облегчает расчесывание и придает волосам блеск. Подходит для всех типов волос.;;;;
5565/0;;"DS257
Оздоровляющий грязевой шампунь  с экстрактами крапивы и ромашки (350мл)
7290015816465";DS257;0,5;680;7290015816465;12;630р.;378р.;; - ;;;Ухаживает за кожей головы, препятствует выпадению волос,  придает мягкость и блеск. Обеспечивает легкое расчесывание. Содержит минералы Мертвого моря, органическую вытяжку грязи, растительные экстракты крапивы и ромашки. Подходит для всех типов волос.;;;;
5828/0;;"DS258
Увлажняющий крем для волос  с силиконом, придающий блеск, не требующий смывания (350мл)
7290015816564";DS258;0,5;680;7290015816564;2;730р.;438р.;; - ;;;Легкий смягчающий крем для  ухода за волосами и легкой укладки. Восстанавливает поврежденные после окраски и химических процедур волосы.  Подчеркивает контуры прически, придает волосам гибкость и объем. Крем богат  минералами,  витаминами и силиконом, благодаря которым волосы приобретают жизненную силу и блеск.;;;;
5829/0;;"DS259
Маска для волос  с маслами облепихи и манго (350мл)
7290015816557";DS259;0,45;693;7290015816557;1;790р.;474р.;; - ;;;Маска прекрасно ухаживает за обезвоженными, тусклыми и секущимися волосами, питает кожу головы минералами, восстанавливает волосы по всей длине, наполняет их жизненной силой, защищает от воздействия солнечных лучей. Обогащена минералами Мертвого моря, витамином A, каротином и маслом манго. Рекомендуется для сухих волос.;;;;
5830/0;;"DS260
Маска для волос  с маслами оливы, папайи и экстрактом зеленого чая (350мл)
7290015816540";DS260;0,45;693;7290015816540;2;790р.;474р.;; - ;;;Маска обеспечивает интенсивный уход, питает волосы по всей длине, восстанавливает их естественный уровень увлажнённости, улучшает микроциркуляцию кожи головы. Содержит минералы Мертвого моря, масла оливы и папайи, а также экстракт зеленого чая. После применения средства волосы становятся мягкими, приобретают здоровый блеск и легко укладываются. Подходит для нормальных волос.;;;;
5831/0;;"DS261
Маска для волос  с экстрактами граната и имбиря (350мл)
7290015816533";DS261;0,45;693;7290015816533;0;790р.;474р.;; - ;;;Оживляет сухие кончики волос, придает волосам мягкость и блеск.  Повышает прочность волос и удерживает в них красящие элементы, защищая от выцветания. Маска защищает волосы от негативного воздействия окружающей среды и оказывает освежающее действие. Питает и увлажняет волосы благодаря входящим в состав маски витаминам, растительным экстрактам и маслам.  Волосы приобретают однородный вид,;;;;
5832/0;;"DS262
Грязевая маска для волос  (350мл) 
7290015816526";DS262;0,45;693;7290015816526;6;800р.;480р.;; - ;;;Богата натуральной грязью и минералами Мертвого моря, маска  помогает укреплять волосы и предотвращает их выпадение. Улучшает состояние кожи головы. Содержит провитамин В5 и экстракты папайи и зеленого чая для питания и смягчения волос, а также для предупреждения появления перхоти. Обволакивает волосы тонким защитным слоем для предотвращения негативного воздействия окружающей среды, возвращает волосам блеск и жизненную энергию.;;;;
;Dr.Sea;Для мужчин;;;;;;;;;;;;;;;;
5365/0;;"DS165
Увлажняющий бальзам после бритья  (125мл) 
7290013729484";DS165;0,15;412;7290013729484;8;730р.;438р.;; - ;;;Успокаивает кожу, предотвращает покраснение и раздражение, нормализует уровень РН. Помогает сбалансировать влажность эпидермиса. Обладает расслабляющим и антиоксидантным эффектом. Обогащен компонентами Q10, омега 3, содержит минералы Мертвого моря, экстракт водоросли дуналиеллы солоноводной и комплекс сахаров. Применение бальзама делает кожу гладкой и шелковистой.;;;;
5366/0;;"DS166
Крем для бритья  (125мл) 
7290013729477";DS166;0,15;412;7290013729477;3;730р.;438р.;; - ;;;Обладает разглаживающим и успокаивающим эффектом, делает бритье легким и приятным. Обогащен минералами Мертвого моря, витаминами и экстрактами алоэ вера и ромашки. Увлажняет и питает кожу. Травяной комплекс и комплекс сахаров, создают антиоксидантный эффект. Крем замедляет процесс старения кожи благодаря витамину Е, экстракту ромашки и провитамину В5, сокращает поры. Создает приятное ощущение гладковыбритой и мягкой кожи.;;;;
5793/0;;"DS263
Шампунь для мужчин  (350мл) 
7290015816502";DS263;0,5;680;7290015816502;16;580р.;348р.;; - ;;;Обеспечивает приятное качественное мытье головы и уменьшает эффект статического электричества на волосах. Питает кожу головы, смягчает волосы и предотвращает их ломкость. Шампунь богат натуральными компонентами: экстрактами зеленого чая и папайи, водоросли  дуналиеллы солоноводной, витамином Е и провитамином В5. Обеспечивает защиту от неблагоприятного воздействия окружающей среды.Рекомендуется для вех типов волос.;;;;
5794/0;;"DS264
Гель для душа для мужчин  (350мл) 
7290015816779";DS264;0,5;680;7290015816779;9;580р.;348р.;; - ;;;Обладает приятным ароматом, гель  увлажняет и деликатно очищает кожу. Обогащен экстрактами папайи, водоросли дуналиеллы солоноводной, зеленым чаем, оливковым маслом и комплексом сахаров, благодаря которым кожа становится бархатистой и свежей.;;;;
;;;;;;;;;;;;;;;;;;
;*Рекомендованная розничная цена (РРЦ) дана справочно и не является обязательной;;;;;;;;;;;;;;;;;
