id;available;url;price;currencyId;category;picture;name;description
16427;true;http://izrael-cosmetics.ru/product/canaan-%d0%bc%d1%8b%d0%bb%d0%be-%d1%81-%d0%bc%d0%b8%d0%bd%d0%b5%d1%80%d0%b0%d0%bb%d1%8c%d0%bd%d0%be%d0%b9-%d0%b3%d1%80%d1%8f%d0%b7%d1%8c%d1%8e-%d0%bc%d0%b5%d1%80%d1%82%d0%b2%d0%be%d0%b3%d0%be-%d0%bc;2,607;RUR;Уход за телом;http://xn--80aaathfccpbcgq1axteu5pnc.xn--p1ai/wp-content/uploads/2016/05/canaan-mineral-mud-soap-dead-sea-cosmetics.gif;Canaan Мыло с минеральной грязью Мертвого Моря, Dead Sea;-
16426;true;http://izrael-cosmetics.ru/product/%d1%85%d0%b0%d0%bd%d0%b0%d0%b0%d0%bd%d1%81%d0%ba%d0%be%d0%b5-%d0%bc%d0%b8%d0%bd%d0%b5%d1%80%d0%b0%d0%bb%d1%8c%d0%bd%d0%be%d0%b5-%d0%bc%d1%8b%d0%bb%d0%be-dead-sea;2,398;RUR;Уход за телом;http://xn--80aaathfccpbcgq1axteu5pnc.xn--p1ai/wp-content/uploads/2016/05/canaan-mineral-enriched-soap-bar-dead-sea-products.gif;Ханаанское минеральное мыло, Dead Sea;-
15324;true;http://izrael-cosmetics.ru/product/sea-of-spa-%d1%81%d0%b5%d1%80%d0%bd%d0%be%d0%b5-%d0%bc%d1%8b%d0%bb%d0%be-dead-sea;2,871;RUR;Уход за телом;http://xn--80aaathfccpbcgq1axteu5pnc.xn--p1ai/wp-content/uploads/2016/05/sea-spa-sulfur-dead-sea-soap.jpg;Sea of Spa Серное Мыло, Dead Sea;-
15322;true;http://izrael-cosmetics.ru/product/%d1%81%d0%be%d0%bb%d0%b5%d0%b2%d0%be%d0%b5-%d0%bc%d1%8b%d0%bb%d0%be-sea-of-spat-dead-sea;2,871;RUR;Уход за телом;http://xn--80aaathfccpbcgq1axteu5pnc.xn--p1ai/wp-content/uploads/2016/05/sea-spa-salt-dead-sea-soap.jpg;Солевое мыло, Sea of Spat, Dead Sea;-
15914;true;http://izrael-cosmetics.ru/product/%d0%b0%d0%bd%d1%82%d0%b8%d1%86%d0%b5%d0%bb%d0%bb%d1%8e%d0%bb%d0%b8%d1%82%d0%bd%d0%be%d0%b5-%d0%bc%d1%8b%d0%bb%d0%be-%d1%81-%d0%bc%d0%b8%d0%bd%d0%b5%d1%80%d0%b0%d0%bb%d0%b0%d0%bc%d0%b8-%d0%b8-%d0%bc;2,607;RUR;Уход за телом;http://xn--80aaathfccpbcgq1axteu5pnc.xn--p1ai/wp-content/uploads/2016/05/anti-cellulite-minerals-and-seaweed-125gr-dead-sea-soap.gif;Антицеллюлитное мыло с Минералами и Морскими Водорослями, Dead Sea ;-
15320;true;http://izrael-cosmetics.ru/product/%d0%b3%d0%bb%d0%b8%d1%86%d0%b5%d1%80%d0%b8%d0%bd%d0%be%d0%b2%d0%be%d0%b5-%d0%bc%d1%8b%d0%bb%d0%be-sea-of-spa-dead-sea;6,248;RUR;Уход за телом;http://xn--80aaathfccpbcgq1axteu5pnc.xn--p1ai/wp-content/uploads/2016/05/sea-spa-glycerin-soap-dead-sea-soap.jpg;Глицериновое мыло, Sea of Spa, Dead Sea;-
15323;true;http://izrael-cosmetics.ru/product/%d0%b0%d0%bd%d1%82%d0%b8%d1%86%d0%b5%d0%bb%d0%bb%d1%8e%d0%bb%d0%b8%d1%82%d0%bd%d0%be%d0%b5-%d0%bc%d1%8b%d0%bb%d0%be-%d1%81-%d0%b2%d0%be%d0%b4%d0%be%d1%80%d0%be%d1%81%d0%bb%d1%8f%d0%bc%d0%b8-sea-of-sp;2,871;RUR;Уход за телом;http://xn--80aaathfccpbcgq1axteu5pnc.xn--p1ai/wp-content/uploads/2016/05/sea-spa-seaweed-anti-cellulite-dead-sea-soap.jpg;Антицеллюлитное мыло с водорослями, Sea of Spa, Dead Sea;-
15228;true;http://izrael-cosmetics.ru/product/%d0%b0%d0%bd%d1%82%d0%b8%d1%86%d0%b5%d0%bb%d0%bb%d1%8e%d0%bb%d0%b8%d1%82%d0%bd%d0%be%d0%b5-%d0%bc%d1%8b%d0%bb%d0%be-dead-sea;6,248;RUR;Уход за телом;http://xn--80aaathfccpbcgq1axteu5pnc.xn--p1ai/wp-content/uploads/2016/05/anti-cellulite-dead-sea-soap.jpg;Антицеллюлитное мыло,  Dead Sea;-
13180;true;http://izrael-cosmetics.ru/product/%d0%bc%d1%8b%d0%bb%d0%be-%d1%81-%d0%bc%d0%b8%d0%bd%d0%b5%d1%80%d0%b0%d0%bb%d1%8c%d0%bd%d0%be%d0%b9-%d0%b3%d1%80%d1%8f%d0%b7%d1%8c%d1%8e-dead-sea;5,731;RUR;Уход за телом;http://xn--80aaathfccpbcgq1axteu5pnc.xn--p1ai/wp-content/uploads/2016/05/mineral-mud-dead-sea-soap.jpg;Мыло с минеральной грязью,  Dead Sea;-
13165;true;http://izrael-cosmetics.ru/product/%d0%bc%d1%8b%d0%bb%d0%be-%d1%81-%d0%be%d0%b1%d0%bb%d0%b5%d0%bf%d0%b8%d1%85%d0%be%d0%b9-%d0%b8-%d0%bc%d0%b8%d0%bd%d0%b5%d1%80%d0%b0%d0%bb%d0%b0%d0%bc%d0%b8-dead-sea;5,731;RUR;Уход за телом;http://xn--80aaathfccpbcgq1axteu5pnc.xn--p1ai/wp-content/uploads/2016/05/obliphica-and-minerals-dead-sea-soap.jpg;Мыло с Облепихой и минералами, Dead Sea ;-
16425;true;http://izrael-cosmetics.ru/product/%d1%85%d0%b0%d0%bd%d0%b0%d0%b0%d0%bd%d1%81%d0%ba%d0%be%d0%b5-%d0%ba%d1%80%d0%b5%d0%bc-%d0%bc%d1%8b%d0%bb%d0%be-dead-sea-cosmetics;8,855;RUR;Уход за телом;http://xn--80aaathfccpbcgq1axteu5pnc.xn--p1ai/wp-content/uploads/2016/05/canaan-body-cream-soap-dead-sea-cosmetics.gif;Ханаанское крем - мыло, Dead Sea Cosmetics;-
16018;true;http://izrael-cosmetics.ru/product/%d0%bc%d1%8b%d0%bb%d0%be-26-%d0%bc%d0%b8%d0%bd%d0%b5%d1%80%d0%b0%d0%bb%d0%be%d0%b2-dead-se%d0%b0;5,731;RUR;Уход за телом;http://xn--80aaathfccpbcgq1axteu5pnc.xn--p1ai/wp-content/uploads/2016/05/26-minerals-dead-sea-soap.jpg;Мыло 26 минералов, Dead Seа;-
15915;true;http://izrael-cosmetics.ru/product/%d0%b0%d0%bd%d1%82%d0%b8%d1%86%d0%b5%d0%bb%d0%bb%d1%8e%d0%bb%d0%b8%d1%82%d0%bd%d0%be%d0%b5-%d0%bc%d1%8b%d0%bb%d0%be-%d1%81-%d0%bc%d0%be%d1%80%d1%81%d0%ba%d0%b8%d0%bc%d0%b8-%d0%b2%d0%be%d0%b4%d0%be;5,731;RUR;Уход за телом;http://xn--80aaathfccpbcgq1axteu5pnc.xn--p1ai/wp-content/uploads/2016/05/anti-cellulite-seaweed-and-minerals-dead-sea-soap.gif;Антицеллюлитное мыло с Морскими Водорослями и Минералами, Dead Sea Soap;-
15878;true;http://izrael-cosmetics.ru/product/%d0%bc%d1%8b%d0%bb%d0%be-%d1%81-%d1%87%d0%b5%d1%80%d0%bd%d0%be%d0%b9-%d0%b3%d1%80%d1%8f%d0%b7%d1%8c%d1%8e-dead-sea;5,214;RUR;Уход за телом;http://xn--80aaathfccpbcgq1axteu5pnc.xn--p1ai/wp-content/uploads/2016/05/black-mud-200-gr-dead-sea-soap.gif;Мыло с черной грязью, Dead Sea ;-
15880;true;http://izrael-cosmetics.ru/product/%d0%bf%d1%80%d0%be%d1%82%d0%b8%d0%b2%d0%be%d0%b2%d0%be%d1%81%d0%bf%d0%b0%d0%bb%d0%b8%d1%82%d0%b5%d0%bb%d1%8c%d0%bd%d0%be%d0%b5-%d0%bc%d1%8b%d0%bb%d0%be-dead-sea;5,731;RUR;Уход за телом;http://xn--80aaathfccpbcgq1axteu5pnc.xn--p1ai/wp-content/uploads/2016/05/acne-200gr-dead-sea-soap.gif;Противовоспалительное мыло, Dead Sea;-
16985;true;http://izrael-cosmetics.ru/product/%d0%bc%d0%b8%d0%bd%d0%b5%d1%80%d0%b0%d0%bb%d1%8c%d0%bd%d0%be%d0%b5-%d0%bc%d1%8b%d0%bb%d0%be-natural-sea;7,436;RUR;Уход за телом;http://xn--80aaathfccpbcgq1axteu5pnc.xn--p1ai/wp-content/uploads/2016/05/natural-sea-beauty-body-mineral-soap.jpg;Минеральное мыло Natural Sea;-
16986;true;http://izrael-cosmetics.ru/product/%d0%b3%d1%80%d1%8f%d0%b7%d0%b5%d0%b2%d0%be%d0%b5-%d0%bc%d1%8b%d0%bb%d0%be-%d0%b4%d0%bb%d1%8f-%d1%82%d0%b5%d0%bb%d0%b0;7,436;RUR;Уход за телом;http://xn--80aaathfccpbcgq1axteu5pnc.xn--p1ai/wp-content/uploads/2016/05/natural-sea-beauty-body-mud-soap.jpg;Грязевое мыло для тела;-
16543;true;http://izrael-cosmetics.ru/product/%d0%b2%d0%be%d1%81%d1%81%d1%82%d0%b0%d0%bd%d0%b0%d0%b2%d0%bb%d0%b8%d0%b2%d0%b0%d1%8e%d1%89%d0%b8%d0%b9-%d1%88%d0%b0%d0%bc%d0%bf%d1%83%d0%bd%d1%8c-%d0%bc%d0%b0%d1%81%d0%bb%d0%be-%d0%b0%d1%80%d0%b3;6,512;RUR;Уход за волосами;http://xn--80aaathfccpbcgq1axteu5pnc.xn--p1ai/wp-content/uploads/2016/05/mogador-restorative-shampoo-argan-oil.jpg;Восстанавливающий шампунь, Масло Аргана;-
16008;true;http://izrael-cosmetics.ru/product/%d0%ba%d1%80%d0%b5%d0%bc-%d0%bf%d0%b8%d0%bb%d0%b8%d0%bd%d0%b3-%d1%81-%d0%b3%d0%bb%d0%b8%d1%86%d0%b5%d1%80%d0%b8%d0%bd%d0%be%d0%bc-%d0%b0%d0%bf%d0%b5%d0%bb%d1%8c%d1%81%d0%b8%d0%bd%d0%be%d0%b2%d1%8b;7,821;RUR;Лечебная косметика;http://xn--80aaathfccpbcgq1axteu5pnc.xn--p1ai/wp-content/uploads/2016/05/dead-sea-soapless-peeling-glycerin-orange-oil-vitamin-e.gif;Dead Sea Пилинг с глицерином, маслом апельсина и витамином Е;-
15771;true;http://izrael-cosmetics.ru/product/%d0%bf%d1%80%d0%be%d1%82%d0%b8%d0%b2%d0%bf%d1%81%d0%be%d1%80%d0%b8%d0%b0%d0%b7%d0%bd%d0%be%d0%b5-%d0%bc%d1%8b%d0%bb%d0%be-dead-sea;7,821;RUR;Уход за телом;http://xn--80aaathfccpbcgq1axteu5pnc.xn--p1ai/wp-content/uploads/2016/05/psoriasis-dead-sea-soap.gif;Противпсориазное мыло, Dead Sea;-
16002;true;http://izrael-cosmetics.ru/product/%d0%be%d1%81%d0%b2%d0%b5%d1%82%d0%bb%d1%8f%d1%8e%d1%89%d0%b5%d0%b5-%d0%bc%d1%8b%d0%bb%d0%be-%d0%b4%d0%bb%d1%8f-%d0%bb%d0%b8%d1%86%d0%b0-dead-sea;8,272;RUR;Уход за телом;http://xn--80aaathfccpbcgq1axteu5pnc.xn--p1ai/wp-content/uploads/2016/05/lightening-facial-dead-sea-soap.gif;Осветляющее мыло для лица, Dead Sea ;-
16384;true;http://izrael-cosmetics.ru/product/canaan-%d0%b2%d0%be%d1%81%d1%81%d1%82%d0%b0%d0%bd%d0%b0%d0%b2%d0%bb%d0%b8%d0%b2%d0%b0%d1%8e%d1%89%d0%b8%d0%b9-%d1%88%d0%b0%d0%bc%d0%bf%d1%83%d0%bd%d1%8c-organic-skin-care;6,93;RUR;Уход за волосами;http://xn--80aaathfccpbcgq1axteu5pnc.xn--p1ai/wp-content/uploads/2016/05/canaan-restorative-organic-shampoo-organic-skin-care.gif;Canaan Восстанавливающий шампунь, Organic Skin Care;-
15832;true;http://izrael-cosmetics.ru/product/%d0%bf%d1%80%d0%be%d1%84%d0%b5%d1%81%d1%81%d0%b8%d0%be%d0%bd%d0%b0%d0%bb%d1%8c%d0%bd%d1%8b%d0%b9-%d1%83%d0%ba%d1%80%d0%b5%d0%bf%d0%bb%d1%8f%d1%8e%d1%89%d0%b8%d0%b9-%d1%88%d0%b0%d0%bc%d0%bf%d1%83%d0%bd;8,272;RUR;Уход за волосами;http://xn--80aaathfccpbcgq1axteu5pnc.xn--p1ai/wp-content/uploads/2016/05/bio-spa-professional-shampoo-stronger-hair-enriched-carrot-sea-buckthorn.gif;Bio Spa Профессиональный шампунь для укрепления волос ;-
14928;true;http://izrael-cosmetics.ru/product/%d0%b3%d1%80%d0%b0%d0%bd%d0%b0%d1%82%d0%be%d0%b2%d0%be%d0%b5-%d0%bc%d1%8b%d0%bb%d0%be-dead-sea;7,821;RUR;Уход за телом;http://xn--80aaathfccpbcgq1axteu5pnc.xn--p1ai/wp-content/uploads/2016/05/pomegranate-aromatherapy-minerals-dead-sea-soap.jpg;Гранатовое мыло, Dead Sea;-
14903;true;http://izrael-cosmetics.ru/product/%d0%bf%d0%b8%d1%82%d0%b0%d1%82%d0%b5%d0%bb%d1%8c%d0%bd%d1%8b%d0%b9-%d0%ba%d0%be%d0%bd%d0%b4%d0%b8%d1%86%d0%b8%d0%be%d0%bd%d0%b5%d1%80-%d1%81-%d0%b0%d0%bb%d0%be%d1%8d-%d0%b2%d0%b5%d1%80%d0%b0-%d0%b8;10,945;RUR;Уход за волосами;http://xn--80aaathfccpbcgq1axteu5pnc.xn--p1ai/wp-content/uploads/2016/05/sea-buckthorn-obliphica-aloe-vera-nourishing-conditioner-dead-sea-minerals.jpg;Питательный Кондиционер для волос с Облепихой, маслом Алоэ Вера и минералами Мертвого Моря;-
15891;true;http://izrael-cosmetics.ru/product/%d1%88%d0%b0%d0%bc%d0%bf%d1%83%d0%bd%d1%8c-%d1%83%d1%85%d0%be%d0%b4-%d0%b4%d0%bb%d1%8f-%d0%bc%d1%83%d0%b6%d1%87%d0%b8%d0%bd-%d1%81-%d0%bc%d0%b8%d0%bd%d0%b5%d1%80%d0%b0%d0%bb%d0%b0%d0%bc%d0%b8-%d0%bc;8,855;RUR;Уход за волосами;http://xn--80aaathfccpbcgq1axteu5pnc.xn--p1ai/wp-content/uploads/2016/05/treatment-shampoo-men-dead-sea-minerals.gif;Шампунь - уход для мужчин с минералами Мертвого Моря;-
15851;true;http://izrael-cosmetics.ru/product/%d0%ba%d0%be%d0%bd%d0%b4%d0%b8%d1%86%d0%b8%d0%be%d0%bd%d0%b5%d1%80-%d0%b4%d0%bb%d1%8f-%d0%b2%d0%be%d0%bb%d0%be%d1%81-%d1%81-%d1%87%d0%b5%d1%80%d0%bd%d0%be%d0%b9-%d0%b3%d1%80%d1%8f%d0%b7%d1%8c%d1%8e;8,855;RUR;Уход за волосами;http://xn--80aaathfccpbcgq1axteu5pnc.xn--p1ai/wp-content/uploads/2016/05/dead-sea-black-mud-hair-conditioner-sea-spa.jpg;Кондиционер для волос с черной грязью Мертвого Моря;-
16691;true;http://izrael-cosmetics.ru/product/%d0%ba%d0%b5%d1%80%d0%b0%d1%82%d0%b8%d0%bd%d0%be%d0%b2%d1%8b%d0%b9-%d1%88%d0%b5%d0%b0%d0%bc%d0%bf%d1%83%d0%bd%d1%8c-%d0%b4%d0%bb%d1%8f-%d1%81%d0%bc%d1%8f%d0%b3%d1%87%d0%b5%d0%bd%d0%b8%d1%8f-%d0%b2;8,855;RUR;Уход за волосами;http://xn--80aaathfccpbcgq1axteu5pnc.xn--p1ai/wp-content/uploads/2016/05/keratin-shampoo-smoothed-hair.jpg;Кератиновый шеампунь для смягчения волос;-
15853;true;http://izrael-cosmetics.ru/product/sea-of-spa-%d1%88%d0%b0%d0%bc%d0%bf%d1%83%d0%bd%d1%8c-%d1%81-%d1%87%d0%b5%d1%80%d0%bd%d0%be%d0%b9-%d0%b3%d0%bb%d0%b8%d0%bd%d0%be%d0%b9-%d0%bc%d0%b5%d1%80%d1%82%d0%b2%d0%be%d0%b3%d0%be-%d0%bc%d0%be;8,855;RUR;Уход за волосами;http://xn--80aaathfccpbcgq1axteu5pnc.xn--p1ai/wp-content/uploads/2016/05/sea-spa-dead-sea-black-mud-shampoo.jpg;Sea of Spa Шампунь с черной глиной Мертвого Моря;-
155600;true;http://izrael-cosmetics.ru/product/%d0%b0%d0%bd%d1%82%d0%b8%d0%bf%d1%81%d0%be%d1%80%d0%b8%d0%b0%d0%b7%d0%bd%d0%be%d0%b5-%d0%bc%d1%8b%d0%bb%d0%be-dead-sea;8,855;RUR;Уход за телом;http://xn--80aaathfccpbcgq1axteu5pnc.xn--p1ai/wp-content/uploads/2016/05/psoriasis-skin-relief-dead-sea-soap.gif;Антипсориазное мыло, Dead Sea;-
16274;true;http://izrael-cosmetics.ru/product/%d0%b6%d0%b8%d0%b4%d0%ba%d0%be%d0%b5-%d0%bc%d1%8b%d0%bb%d0%be-%d1%81-%d1%87%d0%b5%d1%80%d0%bd%d0%be%d0%b9-%d0%b3%d1%80%d1%8f%d0%b7%d1%8c%d1%8e-%d0%bc%d0%b5%d1%80%d1%82%d0%b2%d0%be%d0%b3%d0%be-%d0%bc;6,248;RUR;Уход за телом;http://xn--80aaathfccpbcgq1axteu5pnc.xn--p1ai/wp-content/uploads/2016/05/black-mud-liquid-soap-dead-sea-products.jpg;Жидкое мыло с черной грязью Мертвого Моря, Dead Sea;-
15595;true;http://izrael-cosmetics.ru/product/dead-sea-%d0%bc%d1%8b%d0%bb%d0%be-%d0%bc%d0%be%d0%bb%d0%be%d1%87%d0%ba%d0%be-%d0%bf%d1%80%d0%be%d1%82%d0%b8%d0%b2-%d0%bf%d1%81%d0%be%d1%80%d0%b8%d0%b0%d0%b7%d0%b0;43,945;RUR;Уход за телом;http://xn--80aaathfccpbcgq1axteu5pnc.xn--p1ai/wp-content/uploads/2016/05/dead-sea-skin-relief-psoriasis-body-milk-soap.jpg;Dead Sea Мыло - молочко против псориаза;-
15721;true;http://izrael-cosmetics.ru/product/%d1%88%d0%b0%d0%bc%d0%bf%d1%83%d0%bd%d1%8c-%d1%81-%d0%bc%d0%b0%d1%80%d1%80%d0%be%d0%ba%d0%b0%d0%bd%d1%81%d0%ba%d0%b8%d0%bc-%d0%bc%d0%b0%d1%81%d0%bb%d0%be%d0%bc-%d0%b0%d1%80%d0%b3%d0%b0%d0%bd%d0%b0;7,821;RUR;Уход за волосами;http://xn--80aaathfccpbcgq1axteu5pnc.xn--p1ai/wp-content/uploads/2016/05/moroccan-argan-oil-hair-shampoo.jpg;Шампунь с Марроканским маслом Аргана;-
14916;true;http://izrael-cosmetics.ru/product/%d0%be%d0%b1%d0%bb%d0%b5%d0%bf%d0%b8%d1%85%d0%be%d0%b2%d1%8b%d0%b9-%d0%b0%d0%bd%d1%82%d0%b8%d0%b2%d0%be%d0%b7%d1%80%d0%b0%d1%81%d1%82%d0%bd%d0%be%d0%b9-%d1%83%d0%b2%d0%bb%d0%b0%d0%b6%d0%bd%d0%b8%d1%82;13,024;RUR;Уход за телом;http://xn--80aaathfccpbcgq1axteu5pnc.xn--p1ai/wp-content/uploads/2016/05/sea-buckthorn-anti-aging-body-moisturizer-dead-sea-minerals.jpg;Облепиховый антивозрастной увлажнитель с минералами Мертвого Моря;-
16108;true;http://izrael-cosmetics.ru/product/%d1%81%d1%83%d0%bf%d0%b5%d1%80%d1%83%d0%b2%d0%bb%d0%b0%d0%b6%d0%bd%d1%8f%d1%8e%d1%89%d0%b8%d0%b9-%d0%ba%d1%80%d0%b5%d0%bc-%d1%81-%d0%bc%d0%b0%d1%81%d0%bb%d0%be%d0%bc-%d1%88%d0%b8-%d0%be%d1%82-dead-sea;8,855;RUR;Уход за телом;http://xn--80aaathfccpbcgq1axteu5pnc.xn--p1ai/wp-content/uploads/2016/05/extra-rich-cream-shea-butter-dead-sea-cosmetics.jpg;Суперувлажняющий крем с маслом Ши от Dead Sea Cosmetics;-
15867;true;http://izrael-cosmetics.ru/product/%d0%b7%d0%b0%d1%89%d0%b8%d1%82%d0%bd%d1%8b%d0%b9-%d0%ba%d1%80%d0%b5%d0%bc-bio-marine-dead-sea-%d0%b4%d0%bb%d1%8f-%d0%bd%d0%be%d1%80%d0%bc%d0%b0%d0%bb%d1%8c%d0%bd%d0%be%d0%b9-%d0%b8-%d1%81%d1%83%d1%85;10,945;RUR;Крема;http://xn--80aaathfccpbcgq1axteu5pnc.xn--p1ai/wp-content/uploads/2016/05/bio-marine-protective-dead-sea-day-cream-normal-dry.jpg;Защитный Крем Bio Marine Dead Sea, для нормальной и сухой кожи (new);-
15916;true;http://izrael-cosmetics.ru/product/%d0%b0%d0%bd%d1%82%d0%b8%d0%b2%d0%be%d0%b7%d1%80%d0%b0%d1%81%d1%82%d0%bd%d0%be%d0%b9-%d0%ba%d1%80%d0%b5%d0%bc-%d1%81-%d0%bc%d0%b0%d1%81%d0%bb%d0%be%d0%bc-%d1%82%d1%8b%d0%ba%d0%b2%d1%8b;9,383;RUR;Крема;http://xn--80aaathfccpbcgq1axteu5pnc.xn--p1ai/wp-content/uploads/2016/05/anti-aging-day-cream-enriched-dead-sea-minerals-pumpkin-oil-spf-45.jpg;Антивозрастной крем с маслом тыквы;-
15890;true;http://izrael-cosmetics.ru/product/dead-sea-%d0%b7%d0%b0%d1%89%d0%b8%d1%82%d0%bd%d1%8b%d0%b9-%d0%bc%d1%83%d0%b6%d1%81%d0%ba%d0%be%d0%b9-%d0%ba%d1%80%d0%b5%d0%bc-%d0%bf%d1%80%d0%be%d1%82%d0%b8%d0%b2-%d0%bc%d0%be%d1%80%d1%89%d0%b8%d0%bd;10,945;RUR;Крема;http://xn--80aaathfccpbcgq1axteu5pnc.xn--p1ai/wp-content/uploads/2016/05/dead-sea-protective-anti-wrinkle-cream-spf-15-men.gif;Dead Sea Защитный мужской крем против морщин SPF-15 (new);-
16680;true;http://izrael-cosmetics.ru/product/mogador-%d0%bf%d0%b8%d1%82%d0%b0%d1%8e%d1%89%d0%b8%d0%b9-%d0%bd%d0%be%d1%87%d0%bd%d0%be%d0%b9-%d0%ba%d1%80%d0%b5%d0%bc-%d1%81-%d0%b0%d1%80%d0%b3%d0%b0%d0%bd%d0%be%d0%b2%d1%8b%d0%bc-%d0%bc%d0%b0%d1%81;10,945;RUR;Уход за телом;http://xn--80aaathfccpbcgq1axteu5pnc.xn--p1ai/wp-content/uploads/2016/05/mogador-nourishing-night-cream-argan-oil.jpg;Mogador Питающий ночной крем с аргановым маслом (new);-
16264;true;http://izrael-cosmetics.ru/product/%d0%bc%d0%b0%d1%81%d0%ba%d0%b0-%d0%b4%d0%bb%d1%8f-%d0%bb%d0%b8%d1%86%d0%b0-%d1%81-%d0%bc%d0%b0%d1%81%d0%bb%d0%be%d0%bc-%d1%88%d0%b8;10,945;RUR;Уход за телом;http://xn--80aaathfccpbcgq1axteu5pnc.xn--p1ai/wp-content/uploads/2016/05/calming-hydrating-mask-shea-butter-aloe-vera-dead-sea-minerals.jpg;Маска для лица с маслом Ши;-
16537;true;http://izrael-cosmetics.ru/product/mogador-%d0%bd%d0%b5%d0%b6%d0%bd%d1%8b%d0%b9-%d0%bf%d0%b8%d0%bb%d0%b8%d0%bd%d0%b3-%d0%ba%d1%80%d0%b5%d0%bc-%d0%b4%d0%bb%d1%8f-%d0%bb%d0%b8%d1%86%d0%b0-%d1%81-%d0%b0%d1%80%d0%b3%d0%b0%d0%bd%d0%be%d0%b2;10,945;RUR;Уход за волосами;http://xn--80aaathfccpbcgq1axteu5pnc.xn--p1ai/wp-content/uploads/2016/05/mogador-gentle-facial-peeling-cream-argan-oil_0.jpg;Mogador Нежный пилинг-крем для лица с аргановым маслом (new);-
16542;true;http://izrael-cosmetics.ru/product/%d0%b8%d0%bd%d1%82%d0%b5%d0%bd%d1%81%d0%b8%d0%b2%d0%bd%d0%b0%d1%8f-%d1%81%d1%8b%d0%b2%d0%be%d1%80%d0%be%d1%82%d0%ba%d0%b0-%d0%b4%d0%bb%d1%8f-%d0%bb%d0%b8%d1%86%d0%b0-%d1%81-%d0%bc%d0%b0%d1%81%d0%bb;13,552;RUR;Уход за волосами;http://xn--80aaathfccpbcgq1axteu5pnc.xn--p1ai/wp-content/uploads/2016/05/mogador-intensive-facial-serum-argan-oil.jpg;Интенсивная сыворотка для лица с Маслом Арганы;-
15882;true;http://izrael-cosmetics.ru/product/alternative-plus-dead-sea-moisturizing-active-day-cream-spf-15;30,327;RUR;Крема;http://xn--80aaathfccpbcgq1axteu5pnc.xn--p1ai/wp-content/uploads/2016/05/alternative-plus-dead-sea-moisturizing-active-day-cream-spf-15.jpg;Alternative Plus, Dead Sea  Moisturizing Active Day Cream SPF 15;-
7593;true;http://izrael-cosmetics.ru/product/dead-sea-anti-aging-active-night-cream-by-natural-sea-beauty;37,521;RUR;Крема;;Антивозрастной активный ночной крем от Natural Sea Beauty Dead Sea (new);-
15261;true;http://izrael-cosmetics.ru/product/ahava-age-control-day-moisterizer-time-to-smooth-spf15;97,845;RUR;Уход за телом;http://xn--80aaathfccpbcgq1axteu5pnc.xn--p1ai/wp-content/uploads/2016/05/ahava-age-control-day-moisterizer-time-smooth-spf15.jpg;AHAVA Age Control Day Moisterizer, Time To Smooth,  SPF15;-
15262;true;http://izrael-cosmetics.ru/product/ahava-age-control-even-tone-sleeping-cream;103,345;RUR;Уход за телом;http://xn--80aaathfccpbcgq1axteu5pnc.xn--p1ai/wp-content/uploads/2016/05/ahava-age-control-even-tone-sleeping-cream.jpg;AHAVA  Age Control Even Tone Sleeping Cream;-
17394;true;http://izrael-cosmetics.ru/product/%d0%b8%d0%bd%d1%82%d0%b5%d0%bd%d1%81%d0%b8%d0%b2%d0%bd%d1%8b%d0%b9-%d0%ba%d1%80%d0%b5%d0%bc-%d0%b4%d0%bb%d1%8f-%d1%80%d1%83%d0%ba-%d0%b8-%d0%bd%d0%be%d0%b3%d1%82%d0%b5%d0%b9-dead-sea-%d1%81-%d0%bc;6,248;RUR;Уход за телом;;Интенсивный Крем для рук и ногтей  Dead Sea с минералами Мертвого моря, маслом Авокадо и Алоэ;-
17393;true;http://izrael-cosmetics.ru/product/%d0%bc%d1%83%d0%bb%d1%8c%d1%82%d0%b8%d0%b2%d0%b8%d1%82%d0%b0%d0%bc%d0%b8%d0%bd%d0%bd%d1%8b%d0%b9-%d0%bc%d0%b8%d0%bd%d0%b5%d1%80%d0%b0%d0%bb%d1%8c%d0%bd%d1%8b%d0%b9-%d0%ba%d1%80%d0%b5%d0%bc-%d0%b4;8,855;RUR;Уход за телом;http://xn--80aaathfccpbcgq1axteu5pnc.xn--p1ai/wp-content/uploads/2016/05/multi-vitamin-dead-sea-minerals-hand-cream-argan-oil_0.jpg;Мультивитаминный минеральный крем для рук Dead Sea с аргановым мавслом;-
17391;true;http://izrael-cosmetics.ru/product/%d0%bc%d1%8b%d0%bb%d0%be-%d1%81-%d0%b0%d0%b2%d0%be%d0%ba%d0%b0%d0%b4%d0%be-%d0%b0%d0%bb%d0%be%d1%8d-%d0%b2%d0%b5%d1%80%d0%b0-%d0%b8-%d0%bc%d0%b8%d0%bd%d0%b5%d1%80%d0%b0%d0%bb%d0%b0%d0%bc%d0%b8;6,248;RUR;Уход за телом;http://xn--80aaathfccpbcgq1axteu5pnc.xn--p1ai/wp-content/uploads/2016/05/avocado-and-aloe-vera-natural-soap-dead-sea-minerals.jpg;Мыло с Авокадо, Алоэ Вера и Минералами;-
15341;true;http://izrael-cosmetics.ru/product/%d0%b3%d1%80%d1%8f%d0%b7%d0%b5%d0%b2%d0%b0%d1%8f-%d0%bc%d0%b0%d1%81%d0%ba%d0%b0-%d0%b4%d0%bb%d1%8f-%d0%bb%d0%b8%d1%86%d0%b0;27,093;RUR;Сыворотки и маски;http://xn--80aaathfccpbcgq1axteu5pnc.xn--p1ai/wp-content/uploads/2016/05/rich-facial-dead-sea-mud-mask-sea-spa.gif;Грязевая маска для лица;-
15781;true;http://izrael-cosmetics.ru/product/bio-spa-delicate-eye-cream-with-dead-sea-minerals;8,855;RUR;Крема;http://xn--80aaathfccpbcgq1axteu5pnc.xn--p1ai/wp-content/uploads/2016/05/bio-spa-delicate-eye-cream-dead-sea-minerals.jpg;Деликатный крем для глаз серии Bio Spa с минералами Мертвого моря (new);-
7595;true;http://izrael-cosmetics.ru/product/dead-sea-aqua-eye-fresh-gel-by-natural-sea-beauty;37,521;RUR;Для жирной кожи;http://xn--80aaathfccpbcgq1axteu5pnc.xn--p1ai/wp-content/uploads/2016/05/dead-sea-aqua-eye-fresh-gel-natural-sea-beauty.jpg;Aqua Eye Fresh гель для глаз серии Natural Sea Beauty от Dead Sea (new);-
16254;true;http://izrael-cosmetics.ru/product/bio-spa-lip-balm-dead-sea-minerals;5,731;RUR;Уход за телом;http://xn--80aaathfccpbcgq1axteu5pnc.xn--p1ai/wp-content/uploads/2016/05/bio-spa-lip-balm-dead-sea-minerals.jpg;Бальзам для губ серии Bio Spa от Dead Sea Minerals;-
15338;true;http://izrael-cosmetics.ru/product/dead-sea-facial-peeling-mask-by-sea-of-spa;8,272;RUR;Уход за телом;http://xn--80aaathfccpbcgq1axteu5pnc.xn--p1ai/wp-content/uploads/2016/05/dead-sea-facial-peeling-mask-sea-spa.gif;Dead Sea Facial  Peeling Mask by Sea of Spa;-
15866;true;http://izrael-cosmetics.ru/product/bio-marine-nourishing-dead-sea-night-cream;6,248;RUR;Уход за телом;;Bio Marine Увлажняющий и питательный ночной крем Dead Sea;-
16100;true;http://izrael-cosmetics.ru/product/facial-cleansing-milk-dead-sea-cosmetics;7,821;RUR;Крема;http://xn--80aaathfccpbcgq1axteu5pnc.xn--p1ai/wp-content/uploads/2016/05/facial-cleansing-milk-dead-sea-cosmetics.jpg;Очищающее молочко для лица, Dead Sea Cosmetics (new);-
15908;true;http://izrael-cosmetics.ru/product/%d0%b7%d0%b0%d1%89%d0%b8%d1%82%d0%bd%d1%8b%d0%b9-%d0%ba%d1%80%d0%b5%d0%bc-%d0%b4%d0%bb%d1%8f-%d0%bb%d0%b8%d1%86%d0%b0-%d0%b8-%d1%81%d1%80%d0%b5%d0%b4%d1%81%d1%82%d0%b2%d0%be-%d0%be%d1%82-%d0%be%d0%b1;8,855;RUR;Крема;http://xn--80aaathfccpbcgq1axteu5pnc.xn--p1ai/wp-content/uploads/2016/05/protective-day-cream-face-baldness-men-enriched-dead-sea-minerals.gif;Защитный крем для лица и средство от облысения;-
15919;true;http://izrael-cosmetics.ru/product/dead-sea-delicate-peeling-mask;10,417;RUR;Сыворотки и маски;http://xn--80aaathfccpbcgq1axteu5pnc.xn--p1ai/wp-content/uploads/2016/05/dead-sea-delicate-peeling-mask.jpg;Dead Sea деликатная пилинговая маска (new);-
15917;true;http://izrael-cosmetics.ru/product/active-facial-toner-enriched-with-dead-sea-minerals;6,248;RUR;Для жирной кожи;http://xn--80aaathfccpbcgq1axteu5pnc.xn--p1ai/wp-content/uploads/2016/05/active-facial-toner-enriched-dead-sea-minerals.jpg;Тоник для лица с минералами Мертвого Моря;-
15918;true;http://izrael-cosmetics.ru/product/active-milk-cleanser-enriched-with-dead-sea-minerals;10,945;RUR;Для жирной кожи;http://xn--80aaathfccpbcgq1axteu5pnc.xn--p1ai/wp-content/uploads/2016/05/active-milk-cleanser-enriched-dead-sea-minerals.jpg;Активное очищающее молочко обогащенное минералами Мертвого моря (new);-
15998;true;http://izrael-cosmetics.ru/product/dead-sea-%d0%bf%d0%b8%d1%82%d0%b0%d1%8e%d1%89%d0%b8%d0%b9-%d0%bc%d0%be%d1%80%d0%ba%d0%be%d0%b2%d0%bd%d1%8b%d0%b9-%d0%ba%d1%80%d0%b5%d0%bc-new;8,855;RUR;Крема;;Dead Sea Питающий морковный крем (new);-
16408;true;http://izrael-cosmetics.ru/product/%d0%bf%d0%b8%d1%82%d0%b0%d1%82%d0%b5%d0%bb%d1%8c%d0%bd%d0%b0%d1%8f-%d0%bc%d0%b0%d1%81%d0%ba%d0%b0-%d0%b4%d0%bb%d1%8f-%d0%bb%d0%b8%d1%86%d0%b0-canaan-%d0%ba%d0%be%d1%81%d0%bc%d0%b5%d1%82%d0%b8%d0%ba;10,945;RUR;Сыворотки и маски;http://xn--80aaathfccpbcgq1axteu5pnc.xn--p1ai/wp-content/uploads/2016/05/canaan-nourishing-facial-mask-dead-sea-cosmetics.gif;Питательная Маска Для Лица Canaan, Косметика Мертвого Моря;-
15774;true;http://izrael-cosmetics.ru/product/bio-spa-dead-sea-%d0%b3%d1%80%d1%8f%d0%b7%d0%b5%d0%b2%d0%b0%d1%8f-%d0%bc%d0%b0%d1%81%d0%ba%d0%b0-sea-of-spa;10,945;RUR;Сыворотки и маски;http://xn--80aaathfccpbcgq1axteu5pnc.xn--p1ai/wp-content/uploads/2016/05/bio-spa-dead-sea-mud-mask-sea-spa.jpg;Bio Spa Dead Sea Грязевая маска Sea of Spa;-
16380;true;http://izrael-cosmetics.ru/product/%d1%85%d0%b0%d0%bd%d0%b0%d0%b0%d0%bd%d1%81%d0%ba%d0%b8%d0%b9-%d0%b2%d0%be%d0%b4%d0%bd%d0%be-%d0%bf%d0%b8%d1%82%d0%b0%d1%82%d0%b5%d0%bb%d1%8c%d0%bd%d1%8b%d0%b9-%d0%ba%d1%80%d0%b5%d0%bc-organic-cosmeti;10,945;RUR;Уход за телом;http://xn--80aaathfccpbcgq1axteu5pnc.xn--p1ai/wp-content/uploads/2016/05/canaan-hydra-plus-nourishing-cream-organic-cosmetics.gif;Ханаанский Водно-питательный крем, Organic Cosmetics;-
16919;true;http://izrael-cosmetics.ru/product/%d0%b7%d0%b0%d1%89%d0%b8%d1%82%d0%bd%d1%8b%d0%b9-%d0%b4%d0%bd%d0%b5%d0%b2%d0%bd%d0%be%d0%b9-%d0%ba%d1%80%d0%b5%d0%bc-dead-sea-products-new;8,855;RUR;Крема;http://xn--80aaathfccpbcgq1axteu5pnc.xn--p1ai/wp-content/uploads/2016/05/protective-day-cream-dead-sea-products.jpg;Защитный дневной крем, Dead Sea Products (new);-
15329;true;http://izrael-cosmetics.ru/product/%d0%be%d0%b1%d0%be%d0%b3%d0%b0%d1%89%d0%b5%d0%bd%d0%bd%d0%b0%d1%8f-%d0%bf%d0%b8%d1%82%d0%b0%d1%82%d0%b5%d0%bb%d1%8c%d0%bd%d0%b0%d1%8f-%d0%bc%d0%b0%d1%81%d0%ba%d0%b0-%d0%b4%d0%bb%d1%8f-%d0%bb%d0%b8;8,855;RUR;Уход за телом;http://xn--80aaathfccpbcgq1axteu5pnc.xn--p1ai/wp-content/uploads/2016/05/rich-nourishing-dead-sea-facial-mask-sea-spa.jpg;Обогащенная питательная маска для лица Dead Sea от Sea of Spa (new);-
15865;true;http://izrael-cosmetics.ru/product/%d1%83%d0%ba%d1%80%d0%b5%d0%bf%d0%bb%d1%8f%d1%8e%d1%89%d0%b0%d1%8f-%d1%81%d1%8b%d0%b2%d0%be%d1%80%d0%be%d1%82%d0%ba%d0%b0-%d0%b4%d0%bb%d1%8f-%d0%bb%d0%b8%d1%86%d0%b0-%d0%b8%d0%b7-%d0%bc%d0%b5%d1%80;8,855;RUR;Крема;http://xn--80aaathfccpbcgq1axteu5pnc.xn--p1ai/wp-content/uploads/2016/05/bio-marine-firming-dead-sea-face-serum.jpg;Укрепляющая сыворотка для лица из Мертвого моря от Bio-Marine;-
15328;true;http://izrael-cosmetics.ru/product/%d0%bf%d0%b8%d1%82%d0%b0%d1%82%d0%b5%d0%bb%d1%8c%d0%bd%d1%8b%d0%b9-%d0%bd%d0%be%d1%87%d0%bd%d0%be%d0%b9-%d0%ba%d1%80%d0%b5%d0%bc-%d0%bc%d0%b5%d1%80%d1%82%d0%b2%d0%be%d0%b3%d0%be-%d0%bc%d0%be%d1%80;8,855;RUR;Крема;http://xn--80aaathfccpbcgq1axteu5pnc.xn--p1ai/wp-content/uploads/2016/05/dead-sea-nourishing-night-cream-sea-spa.jpg;Питательный ночной крем Мертвого моря от Sea of Spa;-
16381;true;http://izrael-cosmetics.ru/product/%d0%bd%d0%b5%d0%b6%d0%bd%d1%8b%d0%b9-%d0%ba%d1%80%d0%b5%d0%bc-%d0%bf%d0%b8%d0%bb%d0%b8%d0%bd%d0%b3-%d0%b4%d0%bb%d1%8f-%d0%bb%d0%b8%d1%86%d0%b0-%d0%be%d1%80%d0%b3%d0%b0%d0%bd%d0%b8%d1%87%d0%b5%d1%81;8,855;RUR;Уход за телом;http://xn--80aaathfccpbcgq1axteu5pnc.xn--p1ai/wp-content/uploads/2016/05/canaan-organic-gentle-facial-peeling-cream-organic-skin-care.gif;Нежный Крем Пилинг Для Лица, Органический Уход За Кожей от Canaan Organic;-
13172;true;http://izrael-cosmetics.ru/product/%d0%be%d1%87%d0%b8%d1%89%d0%b0%d1%8e%d1%89%d0%b0%d1%8f-%d0%bc%d0%b0%d1%81%d0%ba%d0%b0-%d0%b8%d0%b7-%d0%b3%d1%80%d1%8f%d0%b7%d0%b5%d0%b9-%d0%bc%d0%b5%d1%80%d1%82%d0%b2%d0%be%d0%b3%d0%be-%d0%bc%d0%be;8,855;RUR;Сыворотки и маски;http://xn--80aaathfccpbcgq1axteu5pnc.xn--p1ai/wp-content/uploads/2016/05/purifying-dead-sea-mud-mask-aloe-vera-100-ml.jpg;Очищающая маска из грязей Мертвого моря с добавлением алоэ вера, 100 мл;-
14920;true;http://izrael-cosmetics.ru/product/%d0%bc%d1%83%d0%bb%d1%8c%d1%82%d0%b8%d0%b2%d0%b8%d1%82%d0%b0%d0%bc%d0%b8%d0%bd%d0%bd%d1%8b%d0%b9-%d0%ba%d1%80%d0%b5%d0%bc-%d0%b4%d0%bb%d1%8f-%d0%bb%d0%b8%d1%86%d0%b0-%d1%81-%d0%bc%d0%b8%d0%bd%d0%b5;10,417;RUR;Уход за телом;http://xn--80aaathfccpbcgq1axteu5pnc.xn--p1ai/wp-content/uploads/2016/05/dead-sea-mineral-multi-vitamin-face-cream-spf-20.jpg;Мультивитаминный крем для лица с минералам Мертвого Моря SPF-20;-
14918;true;http://izrael-cosmetics.ru/product/%d0%bc%d0%b8%d0%bd%d0%b5%d1%80%d0%b0%d0%bb%d1%8c%d0%bd%d1%8b%d0%b9-%d0%ba%d1%80%d0%b5%d0%bc-%d1%81-%d0%b0%d0%b2%d0%be%d0%ba%d0%b0%d0%b4%d0%be-%d0%b8-%d0%b0%d0%bb%d0%be%d1%8d-%d0%b2%d0%b5%d1%80%d0%b0;10,417;RUR;Уход за телом;http://xn--80aaathfccpbcgq1axteu5pnc.xn--p1ai/wp-content/uploads/2016/05/intensive-avocado-aloe-vera-face-cream-dead-sea-minerals.jpg;Минеральный крем с Авокадо и Алоэ вера;-
13177;true;http://izrael-cosmetics.ru/product/%d0%ba%d0%be%d0%bb%d0%bb%d0%b0%d0%b3%d0%b5%d0%bd%d0%be%d0%b2%d0%b0%d1%8f-%d0%b2%d0%be%d1%81%d1%81%d1%82%d0%b0%d0%bd%d0%b0%d0%b2%d0%bb%d0%b8%d0%b2%d0%b0%d1%8e%d1%89%d0%b0%d1%8f-%d0%bc%d0%b0%d1%81%d0%ba;10,417;RUR;Уход за телом;http://xn--80aaathfccpbcgq1axteu5pnc.xn--p1ai/wp-content/uploads/2016/05/collagen-firming-facial-mask-dead-sea-minerals.jpg;Коллагеновая восстанавливающая маска с минералами Мертвого Моря;-
13175;true;http://izrael-cosmetics.ru/product/%d0%be%d1%87%d0%b8%d1%89%d0%b0%d1%8e%d1%89%d0%b0%d1%8f-%d0%bc%d0%b0%d1%81%d0%ba%d0%b0-%d1%81-%d0%bc%d0%b8%d0%bd%d0%b5%d1%80%d0%b0%d0%bb%d0%b0%d0%bc%d0%b8-%d0%bc%d0%b5%d1%80%d1%82%d0%b2%d0%be%d0%b3;10,417;RUR;Сыворотки и маски;http://xn--80aaathfccpbcgq1axteu5pnc.xn--p1ai/wp-content/uploads/2016/05/purifying-dead-sea-mud-mask-aloe-vera-150-ml.jpg;Очищающая маска с минералами Мертвого Моря и Алоэ Вера, 150 мл;-
14919;true;http://izrael-cosmetics.ru/product/%d0%be%d0%b1%d0%b5%d0%b7%d0%b6%d0%b8%d1%80%d0%b5%d0%bd%d0%bd%d1%8b%d0%b9-%d0%ba%d1%80%d0%b5%d0%bc-%d0%b4%d0%bb%d1%8f-%d0%bb%d0%b8%d1%86%d0%b0-%d1%81-%d0%b0%d0%bb%d0%be%d1%8d-%d0%b2%d0%b5%d1%80%d0%b0;10,417;RUR;Крема;http://xn--80aaathfccpbcgq1axteu5pnc.xn--p1ai/wp-content/uploads/2016/05/oil-free-aloe-vera-and-dead-sea-minerals-face-cream_0.jpg;Обезжиренный крем для лица с алоэ вера и минералами Мертвого моря крем;-
14917;true;http://izrael-cosmetics.ru/product/%d0%ba%d1%80%d0%b5%d0%bc-%d0%b4%d0%bb%d1%8f-%d0%bb%d0%b8%d1%86%d0%b0-%d1%81-%d0%be%d0%bb%d0%b8%d0%b2%d0%ba%d0%be%d0%b2%d1%8b%d0%bc-%d0%bc%d0%b0%d1%81%d0%bb%d0%be%d0%bc-%d0%b8-%d0%bc%d0%b5%d0%b4%d0%be;10,417;RUR;Уход за телом;http://xn--80aaathfccpbcgq1axteu5pnc.xn--p1ai/wp-content/uploads/2016/05/olive-oil-honey-dead-sea-minerals-face-cream-spf-20.jpg;Крем для лица с Оливковым маслом и Медом, SPF 20;-
13179;true;http://izrael-cosmetics.ru/product/%d0%bc%d0%b0%d1%81%d0%ba%d0%b0-%d0%bf%d0%b8%d0%bb%d0%b8%d0%bd%d0%b3-%d1%81-%d0%bc%d0%b8%d0%bd%d0%b5%d1%80%d0%b0%d0%bb%d0%b0%d0%bc%d0%b8-%d0%bc%d0%b5%d1%80%d1%82%d0%b2%d0%be%d0%b3%d0%be-%d0%bc%d0%be-2;8,855;RUR;Крема;http://xn--80aaathfccpbcgq1axteu5pnc.xn--p1ai/wp-content/uploads/2016/05/dead-sea-mineral-peeling-mask-apricot-micro-grains.jpg;Маска-пилинг с минералами Мертвого Моря и абрикосовыми микро-гранулами;-
14924;true;http://izrael-cosmetics.ru/product/%d0%b3%d1%80%d0%b0%d0%bd%d0%b0%d1%82%d0%be%d0%b2%d1%8b%d0%b9-%d0%b2%d0%be%d1%81%d1%81%d1%82%d0%b0%d0%bd%d0%b0%d0%b2%d0%bb%d0%b8%d0%b2%d0%b0%d1%8e%d1%89%d0%b8%d0%b9-%d0%ba%d1%80%d0%b5%d0%bc-%d0%b4;10,417;RUR;Крема;http://xn--80aaathfccpbcgq1axteu5pnc.xn--p1ai/wp-content/uploads/2016/05/pomegranate-firming-face-and-neck-cream-dead-sea-minerals-spf-15.jpg;Гранатовый восстанавливающий крем для лица и шеи с минералами Мертвого Моря, SPF 15;-
13176;true;http://izrael-cosmetics.ru/product/%d0%bf%d0%b8%d1%82%d0%b0%d1%82%d0%b5%d0%bb%d1%8c%d0%bd%d0%b0%d1%8f-%d0%bc%d0%b0%d1%81%d0%ba%d0%b0-%d0%bf%d0%b8%d0%bb%d0%b8%d0%bd%d0%b3-with-dead-sea-minerals;10,417;RUR;Сыворотки и маски;http://xn--80aaathfccpbcgq1axteu5pnc.xn--p1ai/wp-content/uploads/2016/05/beauty-firming-gel-peel-mask-dead-sea-minerals.jpg;Маска - пилинг с Минералами Мертвого МОря;-
16007;true;http://izrael-cosmetics.ru/product/%d0%b3%d0%b5%d0%bb%d1%8c-%d0%bf%d0%b8%d0%bb%d0%b8%d0%bd%d0%b3-%d0%b4%d0%bb%d1%8f-%d0%bb%d0%b8%d1%86%d0%b0-%d0%ba%d0%be%d1%81%d0%bc%d0%b5%d1%82%d0%b8%d0%ba%d0%b0-%d0%bc%d0%b5%d1%80%d1%82%d0%b2%d0%be;10,945;RUR;Сыворотки и маски;http://xn--80aaathfccpbcgq1axteu5pnc.xn--p1ai/wp-content/uploads/2016/05/dead-sea-facial-peeling-gel.jpg;Гель - пилинг для лица, косметика Мертвого Моря;-
7478;true;http://izrael-cosmetics.ru/product/%d0%bc%d0%b8%d0%bd%d0%b5%d1%80%d0%b0%d0%bb%d1%8c%d0%bd%d1%8b%d0%b9-%d0%be%d1%81%d0%b2%d0%b5%d0%b6%d0%b0%d1%8e%d1%89%d0%b8%d0%b9-%d1%82%d0%be%d0%bd%d0%b8%d0%ba-%d0%ba%d0%be%d1%81%d0%bc%d0%b5%d1%82;10,417;RUR;Крема;http://xn--80aaathfccpbcgq1axteu5pnc.xn--p1ai/wp-content/uploads/2016/05/dead-sea-mineral-refreshing-toner-sea-spa.jpg;Минеральный освежающий тоник, Косметика мертвого Моря, Sea of Spa;-
15803;true;http://izrael-cosmetics.ru/product/alternative-plus-active-night-cream-with-dead-sea-minerals;27,093;RUR;Крема;http://xn--80aaathfccpbcgq1axteu5pnc.xn--p1ai/wp-content/uploads/2016/05/alternative-plus-active-night-cream-dead-sea-minerals_0.jpg;Alternative Plus Active Ночной крем с минералами Мертвого Моря;-
16999;true;http://izrael-cosmetics.ru/product/dead-sea-whitening-cream-by-natural-sea-beauty;30,327;RUR;Крема;http://xn--80aaathfccpbcgq1axteu5pnc.xn--p1ai/wp-content/uploads/2016/05/dead-sea-whitening-cream-natural-sea-beauty.jpg;Dead Sea Отбеливающий (осветляющий) крем Natural Sea Beauty;-
1700;true;http://izrael-cosmetics.ru/product/dead-sea-%d0%be%d1%81%d0%b2%d0%b5%d1%82%d0%bb%d1%8f%d1%8e%d1%89%d0%b0%d1%8f-%d1%81%d1%8b%d0%b2%d0%be%d1%80%d0%be%d1%82%d0%ba%d0%b0-%d0%be%d1%82-natural-sea-beauty;30,327;RUR;Крема;http://xn--80aaathfccpbcgq1axteu5pnc.xn--p1ai/wp-content/uploads/2016/05/dead-sea-whitening-serum-natural-sea-beauty.jpg;Dead Sea Осветляющая сыворотка от Natural Sea Beauty;-
7618;true;http://izrael-cosmetics.ru/product/set-of-3-purifying-mud-facial-scrub-by-natural-sea-beauty;131,945;RUR;Для жирной кожи;http://xn--80aaathfccpbcgq1axteu5pnc.xn--p1ai/wp-content/uploads/2016/05/set-3-purifying-mud-facial-scrub-natural-sea-beauty.jpg;Набор 3 тюбика очищающего грязевого скраба для лица Natural Sea Beauty (new);-
15777;true;http://izrael-cosmetics.ru/product/bio-spa-%d1%81%d0%be%d0%bb%d1%8c-%d0%b4%d0%bb%d1%8f-%d0%bd%d0%be%d0%b3-%d1%81-%d0%bc%d0%b8%d0%bd%d0%b5%d1%80%d0%b0%d0%bb%d0%b0%d0%bc%d0%b8-%d0%bc%d0%b5%d1%80%d1%82%d0%b2%d0%be%d0%b3%d0%be-%d0%bc%d0%be;6,248;RUR;Уход за телом;http://xn--80aaathfccpbcgq1axteu5pnc.xn--p1ai/wp-content/uploads/2016/05/bio-spa-feet-salt-dead-sea-salt.gif;Bio Spa Соль для ног с минералами Мертвого моря (new);-
14883;true;http://izrael-cosmetics.ru/product/%d0%ba%d1%80%d0%b5%d0%bc-%d0%b4%d0%bb%d1%8f-%d1%80%d1%83%d0%ba-%d0%b8-%d0%bd%d0%be%d0%b3-%d1%81-%d0%bc%d0%b8%d0%bd%d0%b5%d1%80%d0%b0%d0%bb%d0%b0%d0%bc%d0%b8-%d0%bc%d0%b5%d1%80%d1%82%d0%b2%d0%be%d0%b3;13,024;RUR;Уход за телом;http://xn--80aaathfccpbcgq1axteu5pnc.xn--p1ai/wp-content/uploads/2016/05/dead-sea-minerals-hand-foot-cream-bundle-great-deal.jpg;Крем для рук и ног с минералами Мертвого моря;-
16422;true;http://izrael-cosmetics.ru/product/canaan-%d0%ba%d1%80%d0%b5%d0%bc-%d0%bf%d0%b8%d0%bb%d0%b8%d0%bd%d0%b3-%d0%b4%d0%bb%d1%8f-%d0%bd%d0%be%d0%b3-dead-sea-cosmetics;8,855;RUR;Уход за телом;http://xn--80aaathfccpbcgq1axteu5pnc.xn--p1ai/wp-content/uploads/2016/05/canaan-peeling-foot-cream-dead-sea-cosmetics.gif;Canaan Крем-пилинг для ног, Dead Sea Cosmetics;-
14945;true;http://izrael-cosmetics.ru/product/dead-sea-minerals-anti-crack-multi-vitamin-foot-treatment-250-ml;4,686;RUR;Уход за телом;;Dead Sea Minerals Anti-Crack Multi-Vitamin Foot Treatment, 250 ml;-
16113;true;http://izrael-cosmetics.ru/product/peeling-foot-cream-dead-sea-coesmetics;7,821;RUR;Уход за телом;http://xn--80aaathfccpbcgq1axteu5pnc.xn--p1ai/wp-content/uploads/2016/05/peeling-foot-cream-dead-sea-coesmetics.jpg;Пилинговый ножной крем, Dead Sea Coesmetics (new);-
16990;true;http://izrael-cosmetics.ru/product/%d0%b2%d0%be%d1%81%d1%81%d1%82%d0%b0%d0%bd%d0%b0%d0%b2%d0%bb%d0%b8%d0%b2%d0%b0%d1%8e%d1%89%d0%b8%d0%b9-%d0%ba%d1%80%d0%b5%d0%bc-%d0%b4%d0%bb%d1%8f-%d0%bd%d0%be%d0%b3-%d1%81-%d0%ba%d0%be%d0%bc%d0%bf;8,855;RUR;Крема;http://xn--80aaathfccpbcgq1axteu5pnc.xn--p1ai/wp-content/uploads/2016/05/dead-sea-foot-repair-cream-20-urea-natural-sea-beauty.jpg;Восстанавливающий крем для ног с комплексом Urea Мертвого моря от Natural Sea Beauty;-
15212;true;http://izrael-cosmetics.ru/product/%d0%b0%d0%b3%d0%b0%d0%b2%d0%b0-%d0%bd%d0%b5%d1%81%d0%bc%d1%8b%d0%b2%d0%b0%d0%b5%d0%bc%d1%8b%d0%b9-%d0%b8%d0%bd%d1%82%d0%b5%d0%bd%d1%81%d0%b8%d0%b2%d0%bd%d1%8b%d0%b9-%d0%ba%d1%80%d0%b5%d0%bc-%d0%b4;12,771;RUR;Уход за телом;http://xn--80aaathfccpbcgq1axteu5pnc.xn--p1ai/wp-content/uploads/2016/05/ahava-leave-deadsea-mud-dermud-intensive-foot-cream_1.jpg;АГАВА несмываемый интенсивный крем для ног из грязей Мертвого моря Dermud;-
16582;true;http://izrael-cosmetics.ru/product/ahava-%d0%bd%d0%b0%d0%b1%d0%be%d1%80-%d0%bc%d0%b8%d0%bd%d0%b5%d1%80%d0%b0%d0%bb%d1%8c%d0%bd%d1%8b%d0%b9-%d0%ba%d1%80%d0%b5%d0%bc-%d0%b4%d0%bb%d1%8f-%d1%80%d1%83%d0%ba-%d0%b8-%d0%ba%d1%80%d0%b5%d0%bc;10,417;RUR;Крема;http://xn--80aaathfccpbcgq1axteu5pnc.xn--p1ai/wp-content/uploads/2016/05/ahava-value-set-mineral-hand-cream-and-foot-cream-dead-sea-cosmetics.jpg;AHAVA Набор минеральный  Крем для рук и Крем для ног, Dead Sea Cosmetics;-
16545;true;http://izrael-cosmetics.ru/product/mogador-nourishing-hair-mask-argan-oil;5,731;RUR;Уход за волосами;http://xn--80aaathfccpbcgq1axteu5pnc.xn--p1ai/wp-content/uploads/2016/05/mogador-conditioner-argan-oil.jpg;Mogador Nourishing Hair Mask, Argan Oil;-
16257;true;http://izrael-cosmetics.ru/product/%d0%ba%d0%be%d0%bd%d0%b4%d0%b8%d1%86%d0%b8%d0%be%d0%bd%d0%b5%d1%80-%d0%b4%d0%bb%d1%8f-%d0%b2%d0%be%d0%bb%d0%be%d1%81-%d1%81-%d0%bc%d0%b0%d1%81%d0%bb%d0%be%d0%bc-%d0%b6%d0%be%d0%b6%d0%be%d0%b1%d0%b0;6,776;RUR;Уход за волосами;http://xn--80aaathfccpbcgq1axteu5pnc.xn--p1ai/wp-content/uploads/2016/05/hair-conditioner-olive-oil-jojoba-honey-dead-sea-minerals.jpg;Кондиционер для волос с маслом Жожоба, медом и минералами Мертвого Моря;-
16544;true;http://izrael-cosmetics.ru/product/mogador-%d0%bf%d0%b8%d1%82%d0%b0%d1%82%d0%b5%d0%bb%d1%8c%d0%bd%d1%8b%d0%b9-%d0%ba%d1%80%d0%b5%d0%bc-%d0%b4%d0%bb%d1%8f-%d0%b2%d0%be%d0%bb%d0%be%d1%81-%d0%b0%d1%80%d0%b3%d0%b0%d0%bd%d0%be%d0%b2%d0%be;7,293;RUR;Уход за волосами;http://xn--80aaathfccpbcgq1axteu5pnc.xn--p1ai/wp-content/uploads/2016/05/mogador-nourishing-hair-cream-argan-oil.jpg;Mogador питательный крем для волос, Аргановое масло (Mogador Nourishing Hair Cream, Argan Oil);-
16260;true;http://izrael-cosmetics.ru/product/%d1%88%d0%b0%d0%bc%d0%bf%d1%83%d0%bd%d1%8c-%d0%b4%d0%bb%d1%8f-%d0%bd%d0%be%d1%80%d0%bc%d0%b0%d0%bb%d1%8c%d0%bd%d1%8b%d1%85-%d0%b8-%d1%81%d1%83%d1%85%d0%b8%d1%85-%d0%b2%d0%be%d0%bb%d0%be%d1%81-%d1%81;6,776;RUR;Уход за волосами;http://xn--80aaathfccpbcgq1axteu5pnc.xn--p1ai/wp-content/uploads/2016/05/shampoo-normal-dry-hair-olive-oil-jojoba-dead-sea-minerals.jpg;Шампунь для нормальных и сухих волос с Оливковым маслом , маслом Жожоба и Минералами Мертвого Моря;-
15836;true;http://izrael-cosmetics.ru/product/bio-spa-%d0%bf%d1%80%d0%be%d1%84%d0%b5%d1%81%d1%81%d0%b8%d0%be%d0%bd%d0%b0%d0%bb%d1%8c%d0%bd%d1%8b%d0%b9-%d1%83%d0%b2%d0%bb%d0%b0%d0%b6%d0%bd%d1%8f%d1%8e%d1%89%d0%b8%d0%b9-%d0%ba%d1%80%d0%b5%d0%bc;6,776;RUR;Уход за волосами;http://xn--80aaathfccpbcgq1axteu5pnc.xn--p1ai/wp-content/uploads/2016/05/bio-spa-professional-leave-hair-moisturizing-cream-enriched-argan-oil-and-shea-butter.gif;Bio Spa Профессиональный увлажняющий крем для волос;-
16259;true;http://izrael-cosmetics.ru/product/%d0%bf%d0%b8%d1%82%d0%b0%d1%82%d0%b5%d0%bb%d1%8c%d0%bd%d0%b0%d1%8f-%d0%bc%d0%b0%d1%81%d0%ba%d0%b0-%d0%b4%d0%bb%d1%8f-%d0%bd%d0%be%d1%80%d0%bc%d0%b0%d0%bb%d1%8c%d0%bd%d1%8b%d1%85-%d0%b2%d0%be%d0%bb;8,272;RUR;Уход за волосами;http://xn--80aaathfccpbcgq1axteu5pnc.xn--p1ai/wp-content/uploads/2016/05/nourishing-mask-normal-hair-jojoba-olive-oil-dead-sea-cosmetics.jpg;Питательная маска для нормальных волос , Dead Sea Cosmetics;-
16258;true;http://izrael-cosmetics.ru/product/%d0%bc%d0%b0%d1%81%d0%ba%d0%b0-%d0%b4%d0%bb%d1%8f-%d0%bf%d0%be%d0%b2%d1%80%d0%b5%d0%b6%d0%b4%d0%b5%d0%bd%d1%8b%d1%85-%d0%be%d0%ba%d1%80%d0%b0%d1%88%d0%b5%d0%bd%d0%bd%d1%8b%d1%85-%d0%b2%d0%be%d0%bb;8,338;RUR;Уход за волосами;http://xn--80aaathfccpbcgq1axteu5pnc.xn--p1ai/wp-content/uploads/2016/05/mask-damaged-colored-hair-argan-oil-shea-butter-dead-sea-cosmetics.jpg;Маска для поврежденых окрашенных волос с маслом Аргана, маслом ши, Dead Sea Cosmetics;-
16547;true;http://izrael-cosmetics.ru/product/%d0%bc%d0%b0%d0%b3%d0%b0%d0%b4%d0%be%d1%80%d1%81%d0%ba%d0%b8%d0%b9-%d0%bd%d0%b5%d1%81%d0%bc%d1%8b%d0%b2%d0%b0%d0%b5%d0%bc%d1%8b%d0%b9-%d0%ba%d1%80%d0%b5%d0%bc-%d1%81%d1%82%d0%b0%d0%b9%d0%bb%d0%b8;8,338;RUR;Уход за волосами;http://xn--80aaathfccpbcgq1axteu5pnc.xn--p1ai/wp-content/uploads/2016/05/mogador-non-rinse-styling-cream-argan-oil.jpg;Магадорский несмываемый крем -  стайлинг с маслом Аргана;-
14899;true;http://izrael-cosmetics.ru/product/dead-sea-%d0%bc%d0%b0%d1%81%d0%ba%d0%b0-%d0%b4%d0%bb%d1%8f-%d0%be%d0%ba%d1%80%d0%b0%d1%88%d0%b5%d0%bd%d0%bd%d1%8b%d1%85-%d0%b2%d0%be%d0%bb%d0%be%d1%81-%d1%81-%d0%be%d0%b1%d0%bb%d0%b5%d0%bf%d0%b8%d1%85;6,776;RUR;Уход за волосами;http://xn--80aaathfccpbcgq1axteu5pnc.xn--p1ai/wp-content/uploads/2016/05/dead-sea-minerals-sea-buckthorn-obliphica-nourishing-hair-mask-dry-or-colored-hair.jpg;Dead Sea Маска для окрашенных волос с облепихой;-
16987;true;http://izrael-cosmetics.ru/product/natural-sea-beauty-%d0%ba%d0%be%d0%bd%d0%b4%d0%b8%d1%86%d0%b8%d0%be%d0%bd%d0%b5%d1%80-%d0%b4%d0%bb%d1%8f-%d0%b2%d0%be%d0%bb%d0%be%d1%81-%d1%81-%d0%b3%d1%80%d1%8f%d0%b7%d1%8c%d1%8e-%d0%bc%d0%b5%d1%80;6,248;RUR;Уход за волосами;http://xn--80aaathfccpbcgq1axteu5pnc.xn--p1ai/wp-content/uploads/2016/05/natural-sea-beauty-mud-hair-conditioner.jpg;Natural Sea Beauty Кондиционер для волос с грязью Мертвого Моря;-
15849;true;http://izrael-cosmetics.ru/product/bio-spa-%d1%81%d1%8b%d0%b2%d0%be%d1%80%d0%be%d1%82%d0%ba%d0%b0-%d0%b3%d0%b5%d0%bb%d1%8c-%d0%b4%d0%bb%d1%8f-%d0%b2%d0%be%d0%bb%d0%be%d1%81-%d1%81-%d0%bc%d0%b0%d1%81%d0%bb%d0%be%d0%bc-%d0%b0%d1%80;10,945;RUR;Уход за волосами;http://xn--80aaathfccpbcgq1axteu5pnc.xn--p1ai/wp-content/uploads/2016/05/bio-spa-hair-serum-drops-argan-oil-and-dead-sea-minerals.gif;Bio Spa Сыворотка - гель для волос с маслом Аргана  и минералами Мертвого Моря;-
15850;true;http://izrael-cosmetics.ru/product/%d0%b3%d0%b5%d0%bb%d1%8c-%d0%b4%d0%bb%d1%8f-%d0%b2%d0%be%d0%bb%d0%be%d1%81-%d1%81-%d0%be%d0%b1%d0%bb%d0%b5%d0%bf%d0%b8%d1%85%d0%be%d0%b2%d1%8b%d0%bc-%d0%bc%d0%b0%d1%81%d0%bb%d0%be%d0%bc-%d0%b8-%d0%bc;10,945;RUR;Уход за волосами;http://xn--80aaathfccpbcgq1axteu5pnc.xn--p1ai/wp-content/uploads/2016/05/bio-spa-hair-silicon-drops-obliphica-oil-and-dead-sea-minerals.gif;Гель для волос с облепиховым маслом и минералами Мертвого Моря;-
15344;true;http://izrael-cosmetics.ru/product/dead-sea-%d0%bc%d0%b0%d1%81%d0%ba%d0%b0-%d0%ba%d0%be%d0%bd%d0%b4%d0%b8%d1%86%d0%b8%d0%be%d0%bd%d0%b5%d1%80-%d1%81-%d0%b3%d1%80%d1%8f%d0%b7%d1%8c%d1%8e-%d0%bc%d0%b5%d1%80%d1%82%d0%b2%d0%be%d0%b3;7,821;RUR;Уход за волосами;http://xn--80aaathfccpbcgq1axteu5pnc.xn--p1ai/wp-content/uploads/2016/05/dead-sea-hair-conditioning-mud-mask-sea-spa.jpg;Dead Sea Маска  - кондиционер с грязью Мертвого Моря;-
16027;true;http://izrael-cosmetics.ru/product/%d0%bc%d0%b0%d1%81%d0%ba%d0%b0-%d0%b4%d0%bb%d1%8f-%d0%b2%d0%be%d0%bb%d0%be%d1%81-%d0%be%d1%82-%d0%bf%d1%81%d0%be%d1%80%d0%b8%d0%b0%d0%b7%d0%b0-%d1%81-%d0%bc%d0%b8%d0%bd%d0%b5%d1%80%d0%b0%d0%bb%d0%b0;14,069;RUR;Уход за волосами;http://xn--80aaathfccpbcgq1axteu5pnc.xn--p1ai/wp-content/uploads/2016/05/clineral-psoriasis-scalp-mask-dead-sea-minerals.jpg;Маска для волос от псориаза с минералами Мертвого Моря;-
16692;true;http://izrael-cosmetics.ru/product/%d0%ba%d0%b5%d1%80%d0%b0%d1%82%d0%b8%d0%bd%d0%be%d0%b2%d0%b0%d1%8f-%d1%81%d0%bc%d1%8f%d0%b3%d1%87%d0%b0%d1%8e%d1%89%d0%b0%d1%8f-%d0%bc%d0%b0%d1%81%d0%ba%d0%b0-%d0%b4%d0%bb%d1%8f-%d0%b2%d0%be%d0%bb;30,327;RUR;Уход за волосами;http://xn--80aaathfccpbcgq1axteu5pnc.xn--p1ai/wp-content/uploads/2016/05/keratin-hair-mask-smoothed-hair.jpg;Кератиновая смягчающая маска для волос;-
15723;true;http://izrael-cosmetics.ru/product/%d0%bc%d0%b0%d1%81%d0%bb%d0%be-%d0%b0%d1%80%d0%b3%d0%b0%d0%bd%d0%b0-%d0%b8%d0%b7-%d0%bc%d0%b0%d1%80%d0%be%d0%ba%d0%ba%d0%be-%d1%83%d1%85%d0%be%d0%b4-%d0%b7%d0%b0-%d0%b2%d0%be%d0%bb%d0%be%d1%81%d0%b0;30,327;RUR;Уход за волосами;http://xn--80aaathfccpbcgq1axteu5pnc.xn--p1ai/wp-content/uploads/2016/05/argan-life-moroccan-argan-oil-hair-treatment.jpg;Масло Аргана из Марокко - уход за волосами (Argan Life Moroccan Argan Oil for Hair Treatment );-
15724;true;http://izrael-cosmetics.ru/product/%d0%ba%d0%be%d0%bd%d1%86%d0%b5%d0%bd%d1%82%d1%80%d0%b8%d1%80%d0%be%d0%b2%d0%b0%d0%bd%d0%bd%d0%be%d0%b5-%d0%bc%d0%be%d1%80%d0%be%d0%ba%d0%ba%d0%b0%d0%bd%d1%81%d0%ba%d0%be%d0%b5-%d0%b0%d1%80%d0%b3;37,521;RUR;Уход за волосами;http://xn--80aaathfccpbcgq1axteu5pnc.xn--p1ai/wp-content/uploads/2016/05/pure-moroccan-argan-oil-hair-treatment-250-ml.jpg;Концентрированное  Морокканское Аргановое масло - уход за волосами (Pure Moroccan Argan Oil for Hair;-
15339;true;http://izrael-cosmetics.ru/product/%d0%ba%d1%80%d0%b5%d0%bc-%d0%b4%d0%bb%d1%8f-%d1%80%d1%83%d0%ba-%d0%b0%d0%b2%d0%be%d0%ba%d0%b0%d0%b4%d0%be-dead-sea-sea-of-spa-%d0%bd%d0%b0%d0%b1%d0%be%d1%80-%d0%b8%d0%b7-2-%d1%85-%d1%84%d0%bb;2,607;RUR;Уход за телом;http://xn--80aaathfccpbcgq1axteu5pnc.xn--p1ai/wp-content/uploads/2016/05/dead-sea-avocado-hand-cream-sea-spa-set-2.gif;Крем для рук  - Авокадо, Dead Sea, Sea of Spa, набор из 2-х флаконов;-
16111;true;http://izrael-cosmetics.ru/product/%d0%bc%d0%b8%d0%bd%d0%b5%d1%80%d0%b0%d0%bb%d1%8c%d0%bd%d1%8b%d0%b5-%d0%ba%d1%80%d0%b5%d0%bc%d0%b0-%d0%b4%d0%bb%d1%8f-%d1%80%d1%83%d0%ba-%d0%b8-%d0%bd%d0%be%d0%b3%d1%82%d0%b5%d0%b9-dead-sea;3,124;RUR;Уход за телом;http://xn--80aaathfccpbcgq1axteu5pnc.xn--p1ai/wp-content/uploads/2016/05/hands-and-nail-cream-dead-sea-minerals.jpg;Минеральные крема для рук и ногтей, Dead Sea;-
15330;true;http://izrael-cosmetics.ru/product/dead-sea-%d0%b8%d0%bd%d1%82%d0%b5%d0%bd%d1%81%d0%b8%d0%b2%d0%bd%d1%8b%d0%b9-%d0%b7%d0%b0%d1%89%d0%b8%d1%82%d0%bd%d1%8b%d0%b9-%d0%ba%d1%80%d0%b5%d0%bc-%d0%b4%d0%bb%d1%8f-%d1%80%d1%83%d0%ba-sea-of-spa;3,124;RUR;Уход за телом;http://xn--80aaathfccpbcgq1axteu5pnc.xn--p1ai/wp-content/uploads/2016/05/dead-sea-intensive-protection-hand-cream-sea-spa.gif;Dead Sea Интенсивный защитный крем для рук,  Sea of Spa;-
16410;true;http://izrael-cosmetics.ru/product/canaan-%d0%ba%d1%80%d0%b5%d0%bc-%d0%b4%d0%bb%d1%8f-%d1%80%d1%83%d0%ba-dead-sea-cosmetics;4,741;RUR;Уход за телом;http://xn--80aaathfccpbcgq1axteu5pnc.xn--p1ai/wp-content/uploads/2016/05/canaan-hand-cream-dead-sea-cosmetics.gif;Canaan крем для рук, Dead Sea Cosmetics;-
16120;true;http://izrael-cosmetics.ru/product/%d0%ba%d1%80%d0%b5%d0%bc-%d0%b4%d0%bb%d1%8f-%d1%80%d1%83%d0%ba-%d0%b4%d0%bb%d1%8f-%d0%bc%d1%83%d0%b6%d1%87%d0%b8%d0%bd-%d1%81-%d0%b2%d0%b8%d1%82%d0%b0%d0%bc%d0%b8%d0%bd%d0%b0%d0%bc%d0%b8-dead-sea-pro;13,024;RUR;Уход за телом;http://xn--80aaathfccpbcgq1axteu5pnc.xn--p1ai/wp-content/uploads/2016/05/treatment-vitamin-hand-cream-men-dead-sea-products.jpg;Крем для рук ДЛЯ МУЖЧИН с витаминами, Dead Sea Products;-
16389;true;http://izrael-cosmetics.ru/product/canaan-%d0%bc%d0%bd%d0%be%d0%b3%d0%be%d1%84%d1%83%d0%bd%d0%ba%d1%86%d0%b8%d0%be%d0%bd%d0%b0%d0%bb%d1%8c%d0%bd%d1%8b%d0%b9-%d0%ba%d1%80%d0%b5%d0%bc-%d0%b4%d0%bb%d1%8f-%d1%80%d1%83%d0%ba-organic-cosmet;5,731;RUR;Уход за телом;http://xn--80aaathfccpbcgq1axteu5pnc.xn--p1ai/wp-content/uploads/2016/05/canaan-multi-action-hand-cream-organic-cosmetics.gif;Canaan многофункциональный крем для рук, Organic Cosmetics;-
14941;true;http://izrael-cosmetics.ru/product/%d0%bc%d1%83%d0%bb%d1%8c%d1%82%d0%b8%d0%b2%d0%b8%d1%82%d0%b0%d0%bc%d0%b8%d0%bd%d0%bd%d1%8b%d0%b9-%d0%ba%d1%80%d0%b5%d0%bc-%d0%b4%d0%bb%d1%8f-%d1%80%d1%83%d0%ba-%d0%b8-%d0%bd%d0%be%d0%b3%d1%82%d0%b5;6,512;RUR;Уход за телом;http://xn--80aaathfccpbcgq1axteu5pnc.xn--p1ai/wp-content/uploads/2016/05/hand-nail-multi-vitamin-cream-dead-sea-minerals-180ml.jpg;Мультивитаминный крем для рук и ногтей с минералами Мертвого моря - 180 мл;-
14942;true;http://izrael-cosmetics.ru/product/%d0%bc%d1%83%d0%bb%d1%8c%d1%82%d0%b8%d0%b2%d0%b8%d1%82%d0%b0%d0%bc%d0%b8%d0%bd%d0%bd%d1%8b%d0%b9-%d0%ba%d1%80%d0%b5%d0%bc-%d0%b4%d0%bb%d1%8f-%d1%80%d1%83%d0%ba-%d0%b8-%d0%bd%d0%be%d0%b3%d1%82%d0%b5-2;4,686;RUR;Уход за телом;http://xn--80aaathfccpbcgq1axteu5pnc.xn--p1ai/wp-content/uploads/2016/05/multi-vitamin-cream-hands-nails-dead-sea-minerals-250ml.jpg;Мультивитаминный крем для рук и ногтей с минералами Мертвого моря - 250 мл;-
14879;true;http://izrael-cosmetics.ru/product/3-%d0%bf%d0%be-%d1%86%d0%b5%d0%bd%d0%b5-2-%d0%bc%d1%83%d0%bb%d1%8c%d1%82%d0%b8%d0%b2%d0%b8%d1%82%d0%b0%d0%bc%d0%b8%d0%bd%d0%bd%d1%8b%d0%b9-%d0%ba%d1%80%d0%b5%d0%bc-%d0%b4%d0%bb%d1%8f-%d1%80%d1%83;13,552;RUR;Уход за телом;http://xn--80aaathfccpbcgq1axteu5pnc.xn--p1ai/wp-content/uploads/2016/05/3-price-2-dead-sea-minerals-multi-vitamin-hand-nail-cream-3-x-100ml.jpg;3 по цене 2! Мультивитаминный крем для рук и ногтей с минералами Мертвого моря 3 x 100ml;-
15268;true;http://izrael-cosmetics.ru/product/ahava-deadsea-%d0%bc%d0%b8%d0%bd%d0%b5%d1%80%d0%b0%d0%bb%d1%8c%d0%bd%d1%8b%d0%b9-%d0%ba%d1%80%d0%b5%d0%bc-%d0%b4%d0%bb%d1%8f-%d1%80%d1%83%d0%ba;8,855;RUR;Уход за телом;;AHAVA Deadsea, Минеральный крем для рук;-
7116;true;http://izrael-cosmetics.ru/product/dead-sea-%d0%b7%d0%b0%d1%89%d0%b8%d1%82%d0%bd%d1%8b%d0%b9-%d0%ba%d1%80%d0%b5%d0%bc-%d0%b4%d0%bb%d1%8f-%d1%80%d1%83%d0%ba-natural-sea-beauty;10,945;RUR;Уход за телом;;Dead Sea Защитный крем для рук, Natural Sea Beauty;-
15211;true;http://izrael-cosmetics.ru/product/%d0%bd%d0%b5%d1%81%d0%bc%d1%8b%d0%b2%d0%b0%d0%b5%d0%bc%d1%8b%d0%b9-%d0%b8%d0%bd%d1%82%d0%b5%d0%bd%d1%81%d0%b8%d0%b2%d0%bd%d1%8b%d0%b9-%d0%ba%d1%80%d0%b5%d0%bc-%d0%b4%d0%bb%d1%8f-%d1%80%d1%83%d0%ba;13,024;RUR;Уход за телом;http://xn--80aaathfccpbcgq1axteu5pnc.xn--p1ai/wp-content/uploads/2016/05/ahava-leave-deadsea-mud-dermud-intensive-hand-cream.jpg;Несмываемый интенсивный крем для рук из грязей Мертвого моря Dermud от АГАВА ;-
15940;true;http://izrael-cosmetics.ru/product/dead-sea-%d0%bd%d0%b0%d0%b1%d0%be%d1%80-%d0%b4%d0%bb%d1%8f-%d1%83%d1%85%d0%be%d0%b4%d0%b0-%d0%b7%d0%b0-%d0%bd%d0%be%d0%b3%d1%82%d1%8f%d0%bc%d0%b8;10,417;RUR;Уход за телом;http://xn--80aaathfccpbcgq1axteu5pnc.xn--p1ai/wp-content/uploads/2016/05/dead-sea-nail-care-kit.gif;Dead Sea Набор для ухода за ногтями;-
15805;true;http://izrael-cosmetics.ru/product/%d0%b8%d0%bd%d1%82%d0%b5%d0%bd%d1%81%d0%b8%d0%b2%d0%bd%d1%8b%d0%b9-%d0%ba%d1%80%d0%b5%d0%bc-%d0%b4%d0%bb%d1%8f-%d1%80%d1%83%d0%ba-%d1%81-%d0%bc%d0%b8%d0%bd%d0%b5%d1%80%d0%b0%d0%bb%d0%b0%d0%bc%d0%b8;30,327;RUR;Уход за телом;http://xn--80aaathfccpbcgq1axteu5pnc.xn--p1ai/wp-content/uploads/2016/05/alternative-plus-intensive-hand-cream-dead-sea-minerals.jpg;Интенсивный крем для рук с минералами Мертвого Моря;-
16114;true;http://izrael-cosmetics.ru/product/%d1%83%d0%ba%d1%80%d0%b5%d0%bf%d0%b8%d1%82%d0%b5%d0%bb%d1%8c-%d0%b4%d0%bb%d1%8f-%d0%bd%d0%be%d0%b3%d1%82%d0%b5%d0%b9-dead-sea-minerals;30,327;RUR;Уход за телом;http://xn--80aaathfccpbcgq1axteu5pnc.xn--p1ai/wp-content/uploads/2016/05/nail-hardener-dead-sea-minerals.jpg;Укрепитель для ногтей, Dead Sea Minerals;-
15270;true;http://izrael-cosmetics.ru/product/ahava-%d0%ba%d1%80%d0%b5%d0%bc-%d0%b4%d0%bb%d1%8f-%d1%80%d1%83%d0%ba-%d0%bd%d0%b0%d0%b1%d0%be%d1%80-%d0%b8%d0%b7-%d1%82%d1%80%d0%b5%d1%85-%d1%83%d0%bf%d0%b0%d0%ba%d0%be%d0%b2%d0%be%d0%ba;27,093;RUR;Уход за телом;http://xn--80aaathfccpbcgq1axteu5pnc.xn--p1ai/wp-content/uploads/2016/05/ahava-hand-cream-super-saver-3-pack.jpg;AHAVA Крем для рук - Набор из трех упаковок;-
7616;true;http://izrael-cosmetics.ru/product/%d0%bd%d0%b0%d0%b1%d0%be%d1%80-%d0%b8%d0%b7-%d1%82%d1%80%d0%b5%d1%85-%d0%ba%d1%80%d0%b5%d0%bc%d0%be%d0%b2-%d0%b4%d0%bb%d1%8f-%d1%80%d1%83%d0%ba-dead-sea-cosmetics;37,521;RUR;Уход за телом;http://xn--80aaathfccpbcgq1axteu5pnc.xn--p1ai/wp-content/uploads/2016/05/natural-sea-beauty-set-3-protective-hand-cream.jpg;Набор из трех кремов для рук, Dead Sea Cosmetics;-
15948;true;http://izrael-cosmetics.ru/product/bio-spa-body-cream-with-dead-sea-minerals;8,855;RUR;Крема;http://xn--80aaathfccpbcgq1axteu5pnc.xn--p1ai/wp-content/uploads/2016/05/bio-spa-body-cream-dead-sea-minerals.gif;Bio Spa крем для тела с минералами Мертвого моря;-
14915;true;http://izrael-cosmetics.ru/product/%d0%ba%d0%be%d0%bd%d1%86%d0%b5%d0%bd%d1%82%d1%80%d0%b8%d1%80%d0%be%d0%b2%d0%b0%d0%bd%d0%bd%d0%be%d0%b5-%d0%bc%d0%bd%d0%be%d0%b3%d0%be%d1%86%d0%b5%d0%bb%d0%b5%d0%b2%d0%be%d0%b5-%d0%be%d0%bb%d0%b8%d0%b2;13,024;RUR;Уход за телом;http://xn--80aaathfccpbcgq1axteu5pnc.xn--p1ai/wp-content/uploads/2016/05/extra-strength-multi-purpose-olive-oil-and-honey-dead-sea-minerals.jpg;Концентрированное многоцелевое Оливковое Масло с Медом от Dead Sea Minerals (new);-
16110;true;http://izrael-cosmetics.ru/product/%d0%bf%d0%b8%d1%82%d0%b0%d1%82%d0%b5%d0%bb%d1%8c%d0%bd%d1%8b%d0%b9-%d0%ba%d1%80%d0%b5%d0%bc-%d1%81-%d0%b3%d1%80%d0%b0%d0%bd%d0%b0%d1%82%d0%be%d0%bc;8,855;RUR;Уход за телом;http://xn--80aaathfccpbcgq1axteu5pnc.xn--p1ai/wp-content/uploads/2016/05/pomegranate-firming-cream-dead-sea-products.jpg;Питательный крем с Гранатом;-
15230;true;http://izrael-cosmetics.ru/product/%d1%83%d0%b2%d0%bb%d0%b0%d0%b6%d0%bd%d1%8f%d1%8e%d1%89%d0%b8%d0%b9-%d0%ba%d1%80%d0%b5%d0%bc-%d1%81-%d0%b0%d0%bb%d0%be%d1%8d-%d0%b2%d0%b5%d1%80%d0%b0;13,024;RUR;Уход за телом;http://xn--80aaathfccpbcgq1axteu5pnc.xn--p1ai/wp-content/uploads/2016/05/hb-dead-sea-aloe-vera-moisturizer-180ml.jpg;H and B Dead Sea Aloe Vera Moisturizer 180ml;-
16448;true;http://izrael-cosmetics.ru/product/canaan-%d0%bc%d0%b0%d1%81%d1%81%d0%b0%d0%b6%d0%bd%d0%be%d0%b5-%d0%bc%d0%b0%d1%81%d0%bb%d0%be-%d0%b4%d0%bb%d1%8f-%d1%82%d0%b5%d0%bb%d0%b0-dead-sea-cosmetics;7,084;RUR;Уход за телом;http://xn--80aaathfccpbcgq1axteu5pnc.xn--p1ai/wp-content/uploads/2016/05/canaan-rich-massage-body-oil-dead-sea-cosmetics.gif;Canaan Массажное масло для тела, Dead Sea Cosmetics;-
15864;true;http://izrael-cosmetics.ru/product/%d1%81%d0%b3%d0%bb%d0%b0%d0%b6%d0%b8%d0%b2%d0%b0%d1%8e%d1%89%d0%b8%d0%b9-%d0%ba%d1%80%d0%b5%d0%bc-%d0%b4%d0%bb%d1%8f-%d1%82%d0%b5%d0%bb%d0%b0-%d0%be%d1%82-bio-marine-%d0%b8-dead-sea-spf-20-new;6,248;RUR;Уход за телом;http://xn--80aaathfccpbcgq1axteu5pnc.xn--p1ai/wp-content/uploads/2016/05/bio-marine-firming-body-dead-sea-cream-spf-20.jpg;Сглаживающий крем для тела от Bio Marine  и Dead Sea SPF 20 (new);-
16393;true;http://izrael-cosmetics.ru/product/canaan-organic-%d0%b2%d0%be%d1%81%d1%81%d1%82%d0%b0%d0%bd%d0%b0%d0%b2%d0%bb%d0%b8%d0%b2%d0%b0%d1%8e%d1%89%d0%b8%d0%b9-%d0%ba%d1%80%d0%b5%d0%bc-%d0%b4%d0%bb%d1%8f-%d1%82%d0%b5%d0%bb%d0%b0;9,383;RUR;Уход за телом;http://xn--80aaathfccpbcgq1axteu5pnc.xn--p1ai/wp-content/uploads/2016/05/canaan-organic-revitalizing-body-cream-organic-skin-care.gif;Canaan Organic Восстанавливающий крем для тела;-
16385;true;http://izrael-cosmetics.ru/product/canaan-%d0%bc%d0%b0%d1%81%d0%bb%d0%be-%d0%ba%d0%be%d0%bd%d0%b4%d0%b8%d1%86%d0%b8%d0%be%d0%bd%d0%b5%d1%80-%d0%b4%d0%bb%d1%8f-%d1%82%d0%b5%d0%bb%d0%b0-organic-cosmetics;9,383;RUR;Уход за телом;http://xn--80aaathfccpbcgq1axteu5pnc.xn--p1ai/wp-content/uploads/2016/05/canaan-conditioning-body-oil-organic-cosmetics.gif;Canaan Масло - кондиционер для тела, Organic Cosmetics;-
15893;true;http://izrael-cosmetics.ru/product/dead-sea-anti-aging-body-lotion-for-men;7,821;RUR;Уход за телом;http://xn--80aaathfccpbcgq1axteu5pnc.xn--p1ai/wp-content/uploads/2016/05/dead-sea-anti-aging-body-lotion-men.gif;Анти-возрастной лосьон для тела для мужчин Dead Sea (new);-
16446;true;http://izrael-cosmetics.ru/product/canaan-%d0%bb%d0%be%d1%81%d1%8c%d0%be%d0%bd-%d0%b4%d0%bb%d1%8f-%d1%82%d0%b5%d0%bb%d0%b0-%d0%bd%d0%b0-%d0%b2%d0%be%d0%b4%d0%bd%d0%be%d0%b9-%d0%be%d1%81%d0%bd%d0%be%d0%b2%d0%b5-dead-sea-cosmetics;9,383;RUR;Уход за телом;;Canaan Лосьон для тела на водной основе, Dead Sea Cosmetics;-
15334;true;http://izrael-cosmetics.ru/product/dead-sea-%d0%ba%d1%80%d0%b5%d0%bc-%d0%bc%d0%b0%d1%81%d0%bb%d0%be-%d0%b4%d0%bb%d1%8f-%d1%82%d0%b5%d0%bb%d0%b0-%d1%81-%d0%b0%d1%81%d1%81%d0%be%d1%80%d1%82%d0%b8%d0%bc%d0%b5%d0%bd%d1%82%d0%be%d0%bc;6,248;RUR;Уход за телом;;Dead Sea Крем-масло для тела с ассортиментом ароматов от Sea of Spa;-
16010;true;http://izrael-cosmetics.ru/product/aromatic-body-peeling-dead-sea-salt-scrub;10,417;RUR;Уход за телом;http://xn--80aaathfccpbcgq1axteu5pnc.xn--p1ai/wp-content/uploads/2016/05/aromatic-body-peeling-dead-sea-salt-scrub.jpg;Ароматический пилинг для тела, скраб с солями Мертвого моря (new);-
16003;true;http://izrael-cosmetics.ru/product/cleansing-and-relaxing-facial-foam-with-dead-sea-minerals;10,945;RUR;Уход за телом;http://xn--80aaathfccpbcgq1axteu5pnc.xn--p1ai/wp-content/uploads/2016/05/cleansing-and-relaxing-facial-foam-dead-sea-minerals_1.jpg;Очищающая и расслабляющая пенка для лица с минералами Мертвого моря (new);-
16004;true;http://izrael-cosmetics.ru/product/%d0%b0%d1%80%d0%be%d0%bc%d0%b0%d1%82%d0%b8%d1%87%d0%b5%d1%81%d0%ba%d0%be%d0%b5-%d0%bc%d0%b0%d1%81%d0%bb%d0%be-%d0%b4%d0%bb%d1%8f-%d1%82%d0%b5%d0%bb%d0%b0-%d1%81-%d0%bc%d0%b8%d0%bd%d0%b5%d1%80%d0%b0;10,945;RUR;Уход за телом;http://xn--80aaathfccpbcgq1axteu5pnc.xn--p1ai/wp-content/uploads/2016/05/aromatic-body-oil-dead-sea-minerals.gif;Ароматическое масло для тела с Минералами Мертвого Моря;-
16386;true;http://izrael-cosmetics.ru/product/canaan-soothing-body-butter-organic-skin-care;10,945;RUR;Уход за телом;http://xn--80aaathfccpbcgq1axteu5pnc.xn--p1ai/wp-content/uploads/2016/05/canaan-soothing-body-butter-organic-skin-care.gif;Успокаивающее масло для тела из серии Organic Skin Care Canaan (new);-
15807;true;http://izrael-cosmetics.ru/product/alternative-plus-%d1%88%d0%b5%d0%bb%d0%ba%d0%be%d0%b2%d0%b8%d1%81%d1%82%d1%8b%d0%b9-%d0%ba%d1%80%d0%b5%d0%bc-%d0%b4%d0%bb%d1%8f-%d1%82%d0%b5%d0%bb%d0%b0-%d1%81-%d0%bc%d0%b8%d0%bd%d0%b5%d1%80%d0%b0;30,327;RUR;Уход за телом;http://xn--80aaathfccpbcgq1axteu5pnc.xn--p1ai/wp-content/uploads/2016/05/alternative-plus-silky-body-cream-dead-sea-minerals.jpg; Alternative Plus шелковистый крем для тела с минералами Мертвого моря (new);-
16992;true;http://izrael-cosmetics.ru/product/dead-sea-repair-body-lotion-10-urea-by-natural-sea-beauty;30,327;RUR;Крема;http://xn--80aaathfccpbcgq1axteu5pnc.xn--p1ai/wp-content/uploads/2016/05/dead-sea-repair-body-lotion-10-urea-natural-sea-beauty.jpg;Dead Sea Восстанавливающий лосьон для тела,  Natural Sea Beauty;-
15993;true;http://izrael-cosmetics.ru/product/dead-sea-carrot-and-nuts-tan-oil;8,272;RUR;Уход за телом;http://xn--80aaathfccpbcgq1axteu5pnc.xn--p1ai/wp-content/uploads/2016/05/dead-sea-carrot-and-nuts-tan-oil_0.gif;Крем для загара с экстрактами каротинов и орехов Dead Sea (new);-
15970;true;http://izrael-cosmetics.ru/product/dead-sea-protective-sun-cream-spf15;8,855;RUR;Уход за телом;http://xn--80aaathfccpbcgq1axteu5pnc.xn--p1ai/wp-content/uploads/2016/05/dead-sea-protective-sun-cream-spf15.gif;Защитный крем от солнца SPF15, Dead Sea (new);-
15973;true;http://izrael-cosmetics.ru/product/%d0%b7%d0%b0%d1%89%d0%b8%d1%82%d0%bd%d1%8b%d0%b9-%d1%81%d0%bf%d1%80%d0%b5%d0%b9-%d0%be%d1%82-%d1%81%d0%be%d0%bb%d0%bd%d1%86%d0%b0-dead-sea-spf-30-new;10,945;RUR;Уход за телом;http://xn--80aaathfccpbcgq1axteu5pnc.xn--p1ai/wp-content/uploads/2016/05/dead-sea-protective-sun-spray-spf30_0.gif;Защитный спрей от солнца Dead Sea SPF 30 (new);-
15971;true;http://izrael-cosmetics.ru/product/dead-sea-protective-sun-cream-spf30;14,069;RUR;Уход за телом;http://xn--80aaathfccpbcgq1axteu5pnc.xn--p1ai/wp-content/uploads/2016/05/dead-sea-protective-sun-cream-spf30.gif;Защитный крем от солнца SPF30 от Dead Sea;-
16119;true;http://izrael-cosmetics.ru/product/%d0%b3%d0%b5%d0%bb%d1%8c-%d0%b4%d0%bb%d1%8f-%d0%b2%d0%be%d0%bb%d0%be%d1%81-%d0%b4%d0%bb%d1%8f-%d0%bc%d1%83%d0%b6%d1%87%d0%b8%d0%bd-%d1%81-%d0%b6%d0%be%d0%b6%d0%be%d0%b1%d0%b0-%d0%be%d1%82-dead-sea-min;5,731;RUR;Уход за волосами;http://xn--80aaathfccpbcgq1axteu5pnc.xn--p1ai/wp-content/uploads/2016/05/jojoba-hair-gel-men-dead-sea-minerals.jpg;Гель для волос для мужчин с жожоба от Dead Sea Minerals (new);-
15861;true;http://izrael-cosmetics.ru/product/%d1%83%d1%81%d0%bf%d0%be%d0%ba%d0%b0%d0%b8%d0%b2%d0%b0%d1%8e%d1%89%d0%b0%d1%8f-%d0%b8-%d1%83%d0%b2%d0%bb%d0%b0%d0%b6%d0%bd%d1%8f%d1%8e%d1%89%d0%b0%d1%8f-%d0%bc%d0%b0%d1%81%d0%ba%d0%b0-%d0%be%d1%82-bio;10,945;RUR;Сыворотки и маски;http://xn--80aaathfccpbcgq1axteu5pnc.xn--p1ai/wp-content/uploads/2016/05/bio-marine-calming-hydrating-beauty-dead-sea-mask.jpg;Успокаивающая и увлажняющая маска от Bio Marine и Dead Sea;-
14900;true;http://izrael-cosmetics.ru/product/%d0%bc%d0%b0%d1%81%d0%ba%d0%b0-%d0%b4%d0%bb%d1%8f-%d0%bf%d0%be%d0%b2%d1%80%d0%b5%d0%b6%d0%b4%d0%b5%d0%bd%d0%bd%d1%8b%d1%85-%d0%b2%d0%be%d0%bb%d0%be%d1%81-%d1%81-%d0%bc%d0%b0%d1%81%d0%bb%d0%be%d0%bc;6,776;RUR;Уход за волосами;http://xn--80aaathfccpbcgq1axteu5pnc.xn--p1ai/wp-content/uploads/2016/05/moroccan-argan-oil-hair-mask-dry-or-damaged-hair-dead-sea-minerals.jpg;Маска для поврежденных волос с маслом Аргана;-
16272;true;http://izrael-cosmetics.ru/product/%d0%bf%d0%b8%d1%82%d0%b0%d1%8e%d1%89%d0%b8%d0%b9-%d0%bd%d0%be%d1%87%d0%bd%d0%be%d0%b9-%d0%ba%d1%80%d0%b5%d0%bc-%d1%81-%d0%be%d0%b1%d0%bb%d0%b5%d0%bf%d0%b8%d1%85%d0%be%d0%b2%d1%8b%d0%bc-%d0%b8-%d0%bc;10,945;RUR;Крема;http://xn--80aaathfccpbcgq1axteu5pnc.xn--p1ai/wp-content/uploads/2016/05/nourishing-night-cream-obliphica-carrot-dead-sea-cosmetics_0.jpg;Питающий ночной крем с облепиховым и морковным экстрактом, Dead Sea Cosmetics (new);-
15780;true;http://izrael-cosmetics.ru/product/bio-spa-%d1%83%d0%b2%d0%bb%d0%b0%d0%b6%d0%bd%d1%8f%d1%8e%d1%89%d0%b8%d0%b9-%d0%b0%d0%ba%d1%82%d0%b8%d0%b2%d0%bd%d1%8b%d0%b9-%d0%b4%d0%bd%d0%b5%d0%b2%d0%bd%d0%be%d0%b9-%d0%ba%d1%80%d0%b5%d0%bc-%d1%81;8,855;RUR;Крема;http://xn--80aaathfccpbcgq1axteu5pnc.xn--p1ai/wp-content/uploads/2016/05/bio-spa-moisturizing-active-day-cream-dead-sea-minerals.jpg;Bio Spa Увлажняющий активный дневной крем с минералами Мертвого моря (new);-
15720;true;http://izrael-cosmetics.ru/product/moroccan-argan-oil-hair-serum;13,024;RUR;Уход за волосами;http://xn--80aaathfccpbcgq1axteu5pnc.xn--p1ai/wp-content/uploads/2016/05/moroccan-argan-oil-hair-serum.jpg;Сыворотка для волос на марокканском аргановом масле (new);-
17299;true;http://izrael-cosmetics.ru/product/%d0%b4%d0%b5%d0%bb%d0%b8%d0%ba%d0%b0%d1%82%d0%bd%d1%8b%d0%b9-%d0%ba%d1%80%d0%b5%d0%bc-%d0%b4%d0%bb%d1%8f-%d0%b3%d0%bb%d0%b0%d0%b7-%d0%be%d1%82-sea-of-spa-%d0%b8-bio-marine;8,855;RUR;Крема;http://xn--80aaathfccpbcgq1axteu5pnc.xn--p1ai/wp-content/uploads/2016/05/bio-marine-delicate-eye-cream-sea-spa_0.jpg;Деликатный крем для глаз от Sea of Spa и Bio-Marine;-
15778;true;http://izrael-cosmetics.ru/product/%d1%81%d0%be%d0%bb%d1%8c-%d0%bc%d0%b5%d1%80%d1%82%d0%b2%d0%be%d0%b3%d0%be-%d0%bc%d0%be%d1%80%d1%8f-%d0%be%d0%b1%d0%be%d0%b3%d0%b0%d1%89%d0%b5%d0%bd%d0%bd%d0%b0%d1%8f-%d0%bc%d0%b8%d0%bd%d0%b5%d1%80;12,089;RUR;Уход за телом;http://xn--80aaathfccpbcgq1axteu5pnc.xn--p1ai/wp-content/uploads/2016/05/enriched-minerals-dead-sea-salt.gif;Соль Мертвого моря, обогащенная минералами;-
14904;true;http://izrael-cosmetics.ru/product/%d0%b0%d0%bd%d1%82%d0%b8%d0%b2%d0%be%d0%b7%d1%80%d0%b0%d1%81%d1%82%d0%bd%d0%be%d0%b9-%d0%be%d0%b1%d0%bb%d0%b5%d0%bf%d0%b8%d1%85%d0%be%d0%b2%d1%8b%d0%b9-%d1%83%d0%b2%d0%bb%d0%b0%d0%b6%d0%bd%d1%8f%d1%8e;10,417;RUR;Крема;http://xn--80aaathfccpbcgq1axteu5pnc.xn--p1ai/wp-content/uploads/2016/05/anti-aging-sea-buckthorn-obliphica-facial-moisturizer-spf-20-dead-sea-minerals.jpg;Антивозрастной облепиховый увлажняющий крем для лица с минералами Мертвого Моря, SPF20;-
7303;true;http://izrael-cosmetics.ru/product/%d0%be%d1%87%d0%b8%d1%89%d1%8f%d1%8e%d1%89%d0%b8%d0%b9-%d0%b3%d0%b5%d0%bb%d1%8c-%d1%81-%d0%b3%d1%80%d1%8f%d0%b7%d1%8c%d1%8e-%d0%bc%d0%b5%d1%80%d1%82%d0%b2%d0%be%d0%b3%d0%be-%d0%bc%d0%be%d1%80%d1%8f-s;10,417;RUR;Уход за телом;http://xn--80aaathfccpbcgq1axteu5pnc.xn--p1ai/wp-content/uploads/2016/05/dead-sea-mud-cleansing-gel-natural-sea-beauty.jpg;Очищяющий гель с грязью Мертвого Моря, Sea of Spa;-
15820;true;http://izrael-cosmetics.ru/product/%d0%bf%d0%be%d0%b4%d0%b0%d1%80%d0%be%d1%87%d0%bd%d1%8b%d0%b9-%d0%bd%d0%b0%d0%b1%d0%be%d1%80-%d0%bc%d0%b5%d1%80%d1%82%d0%b2%d0%be%d0%b3%d0%be-%d0%bc%d0%be%d1%80%d1%8f-%d0%be%d0%bb%d0%b8%d0%b2%d0%ba;37,521;RUR;Уход за волосами;http://xn--80aaathfccpbcgq1axteu5pnc.xn--p1ai/wp-content/uploads/2016/05/dead-sea-cosmetics-gift-set-olive-oil-honey_0.gif;Подарочный набор Мертвого Моря - Оливковое масло и мед;-
15354;true;http://izrael-cosmetics.ru/product/pure-natural-dead-sea-salt-bulk-5-kg-11-lbs-bucket;37,521;RUR;Уход за телом;http://xn--80aaathfccpbcgq1axteu5pnc.xn--p1ai/wp-content/uploads/2016/05/pure-natural-dead-sea-salt-bulk-5-kg-11-lbs-bucket.jpg;Pure Natural Dead Sea Salt Bulk  (5 Kg /11 lbs Bucket );-
15902;true;http://izrael-cosmetics.ru/product/%d0%b1%d0%b8%d0%be-%d0%bc%d0%b8%d0%bc%d0%b8%d0%ba%d1%80%d0%b8%d1%87%d0%b5%d1%81%d0%ba%d0%b8%d0%b9-%d0%bc%d1%83%d0%b6%d1%81%d0%ba%d0%be%d0%b9-%d0%b1%d0%b0%d0%bb%d1%8c%d0%b7%d0%b0%d0%bc-%d0%bf%d0%be;8,855;RUR;Уход за телом;http://xn--80aaathfccpbcgq1axteu5pnc.xn--p1ai/wp-content/uploads/2016/05/dead-sea-bio-mimetic-men-aftershave-balm.gif;Био-мимикрический мужской бальзам после бритья от Dead Sea (new);-
14913;true;http://izrael-cosmetics.ru/product/mineral-bath-salt-500-gr-dead-sea-salt;30,327;RUR;Уход за телом;http://xn--80aaathfccpbcgq1axteu5pnc.xn--p1ai/wp-content/uploads/2016/05/mineral-bath-salt-500-gr-dead-sea-salt_0.jpg;Mineral Bath Salt  500 gr, Dead Sea Salt;-
